Date,Open,High,Low,Close,Adj Close,Volume
02-11-2017,25508.40039,25598.75,25405.5,25427.30078,25427.30078,0
03-11-2017,25531.40039,25695.5,25394.94922,25650.69922,25650.69922,0
06-11-2017,25569,25694.59961,25529.5,25571.15039,25571.15039,0
07-11-2017,25669.09961,25695.75,25248.94922,25300.80078,25300.80078,0
08-11-2017,25375.80078,25435.59961,25119.5,25184.34961,25184.34961,0
09-11-2017,25281,25385.19922,25166.15039,25291.34961,25291.34961,0
10-11-2017,25250.90039,25598.55078,25237.19922,25498.94922,25498.94922,0
13-11-2017,25570.25,25611.55078,25337.25,25358.30078,25358.30078,0
14-11-2017,25352.55078,25404.80078,25223.09961,25284.59961,25284.59961,0
15-11-2017,25241.65039,25318.05078,25166.34961,25218.90039,25218.90039,0
16-11-2017,25292.90039,25496.05078,25273.69922,25446.59961,25446.59961,0
17-11-2017,25875.69922,25924.90039,25679.55078,25728.40039,25728.40039,0
20-11-2017,25733.69922,25803.15039,25681.69922,25768.59961,25768.59961,0
21-11-2017,25829.30078,25871.09961,25726.5,25757.5,25757.5,0
22-11-2017,25805.65039,25831.94922,25665.84961,25766.65039,25766.65039,0
23-11-2017,25826.30078,25838.55078,25620.94922,25736.25,25736.25,76600
24-11-2017,25776.59961,25849,25749.09961,25779.65039,25779.65039,0
27-11-2017,25693.05078,25931.84961,25673.5,25891.94922,25891.94922,0
28-11-2017,25830.44922,25953.5,25795.5,25846.40039,25846.40039,0
29-11-2017,25829.65039,25877.75,25746.80078,25795.69922,25795.69922,0
30-11-2017,25693.80078,25700.84961,25246.84961,25332.40039,25332.40039,0
01-12-2017,25409.55078,25441.34961,25152.65039,25191.94922,25191.94922,0
04-12-2017,25295.05078,25297.19922,24993.34961,25075.09961,25075.09961,0
05-12-2017,25030.75,25217.69922,24921.30078,25124.84961,25124.84961,0
06-12-2017,25066.30078,25077.44922,24813.59961,24851.80078,24851.80078,0
07-12-2017,24935.30078,25097.40039,24875.34961,25057.25,25057.25,0
08-12-2017,25145.5,25367.69922,25145.5,25321.15039,25321.15039,0
11-12-2017,25434.75,25448.84961,25318.69922,25404.84961,25404.84961,0
12-12-2017,25413.40039,25416.19922,25108.59961,25125.44922,25125.44922,0
13-12-2017,25118.19922,25270.75,24938.55078,25000.34961,25000.34961,0
14-12-2017,25062.40039,25205.90039,24888.65039,25168.19922,25168.19922,0
15-12-2017,25487.15039,25559.05078,25411.25,25440.30078,25440.30078,0
18-12-2017,25181.75,25759.90039,24617.15039,25594.55078,25594.55078,0
19-12-2017,25640.90039,25757.94922,25619.59961,25716.19922,25716.19922,0
20-12-2017,25779.05078,25780.05078,25566.05078,25591.69922,25591.69922,0
21-12-2017,25608.25,25629.94922,25508.90039,25554.30078,25554.30078,0
22-12-2017,25615.59961,25694.5,25560.5,25648.55078,25648.55078,0
26-12-2017,25659.75,25712.94922,25545.59961,25675.25,25675.25,0
27-12-2017,25652.84961,25733.19922,25429.55078,25496.05078,25496.05078,0
28-12-2017,25463.59961,25561.94922,25417.40039,25490,25490,0
29-12-2017,25484.84961,25566.40039,25450.25,25539.44922,25539.44922,0
01-01-2018,null,null,null,null,null,null
02-01-2018,25382.19922,25425.5,25232.80078,25338.25,25338.25,0
03-01-2018,25425.75,25454.90039,25300.90039,25318.59961,25318.59961,0
04-01-2018,25367.65039,25490.34961,25310.30078,25462.59961,25462.59961,0
05-01-2018,25524.44922,25643.34961,25499.55078,25601.84961,25601.84961,0
08-01-2018,25690.25,25771.5,25643.80078,25676.09961,25676.09961,0
09-01-2018,25727.94922,25803.80078,25617.25,25703.80078,25703.80078,0
10-01-2018,25709.90039,25717.59961,25527.5,25617.30078,25617.30078,0
11-01-2018,25628.19922,25694.65039,25532.25,25660.90039,25660.90039,0
12-01-2018,25732.40039,25775.15039,25557.59961,25749.05078,25749.05078,0
15-01-2018,25858.15039,26091.80078,25842.94922,26069.19922,26069.19922,0
16-01-2018,26129.15039,26136.40039,25931.69922,25974.90039,25974.90039,0
17-01-2018,25946.15039,26335.84961,25922.30078,26289.09961,26289.09961,0
18-01-2018,26762.25,26887.65039,26423.75,26537.40039,26537.40039,0
19-01-2018,26615.65039,26957.84961,26433.55078,26909.5,26909.5,0
22-01-2018,26940.5,27074.90039,26841.19922,27041.19922,27041.19922,0
23-01-2018,27089.94922,27422.05078,27066.15039,27390.59961,27390.59961,0
24-01-2018,27310.15039,27479.25,27219.44922,27398.55078,27398.55078,0
25-01-2018,27414.09961,27522.84961,27151.75,27445.65039,27445.65039,0
29-01-2018,27446.09961,27652.05078,27407.40039,27498.44922,27498.44922,0
30-01-2018,27466.84961,27470.25,27242.05078,27269.05078,27269.05078,0
31-01-2018,27136.25,27455.75,27116.94922,27379.44922,27379.44922,0
01-02-2018,27334.84961,27613.5,27046.34961,27220.69922,27220.69922,0
02-02-2018,27017.40039,27017.55078,26364.05078,26451.15039,26451.15039,0
05-02-2018,25968.15039,26215.09961,25917.55078,26098.75,26098.75,0
06-02-2018,25140.09961,26140.59961,25023.84961,25811.30078,25811.30078,0
07-02-2018,26065.40039,26078.40039,25558.05078,25670,25670,0
08-02-2018,25759.84961,26126.40039,25637.40039,25920.65039,25920.65039,0
09-02-2018,25466.30078,25598.30078,25371,25463.65039,25463.65039,0
12-02-2018,25530.09961,25757.84961,25485.40039,25701.59961,25701.59961,0
14-02-2018,25810.25,25810.25,25212.34961,25341.25,25341.25,0
15-02-2018,25360.90039,25615.15039,25295.15039,25424.34961,25424.34961,0
16-02-2018,25511.94922,25601,25100.90039,25163.90039,25163.90039,0
19-02-2018,25324.59961,25326.05078,24824.55078,25058.55078,25058.55078,265300
20-02-2018,25105.55078,25158.09961,24829,24874.40039,24874.40039,0
21-02-2018,24996.59961,24999.69922,24796.34961,24936.69922,24936.69922,0
22-02-2018,24812.69922,24987.05078,24781.69922,24955.19922,24955.19922,0
23-02-2018,25002.25,25345.15039,24962.84961,25302.5,25302.5,0
26-02-2018,25452,25722.15039,25381.19922,25687.90039,25687.90039,0
27-02-2018,25684.59961,25723.55078,25356.40039,25383.59961,25383.59961,0
28-02-2018,25116.25,25192.94922,24942,25107.40039,25107.40039,0
01-03-2018,25022.34961,25226.05078,24854.40039,24902.55078,24902.55078,0
05-03-2018,24831.34961,24873.05078,24682,24818.69922,24818.69922,134500
06-03-2018,24964.09961,25040.25,24362.05078,24448.44922,24448.44922,0
07-03-2018,24333.84961,24373.40039,24096.75,24134.09961,24134.09961,0
08-03-2018,24273.90039,24534.5,24048.55078,24477.65039,24477.65039,0
09-03-2018,24556.94922,24564.75,24259.69922,24296.44922,24296.44922,0
12-03-2018,24443.59961,24716.05078,24358.5,24664.19922,24664.19922,0
13-03-2018,24624.59961,25009.65039,24597.55078,24738.65039,24738.65039,0
14-03-2018,24629.65039,24894.30078,24487,24851.65039,24851.65039,0
15-03-2018,24854.30078,24939.84961,24732,24791.84961,24791.84961,0
16-03-2018,24753.65039,24785.34961,24439.15039,24489.55078,24489.55078,0
19-03-2018,24530.15039,24588.05078,24186.94922,24245.09961,24245.09961,0
20-03-2018,24133.94922,24355.65039,24082.94922,24168.19922,24168.19922,0
21-03-2018,24331.30078,24459.75,24208.65039,24255.59961,24255.59961,0
22-03-2018,24252.94922,24314.40039,24094.84961,24141.5,24141.5,0
23-03-2018,23785.65039,23796.30078,23605.59961,23670.40039,23670.40039,0
26-03-2018,23674.90039,24290.65039,23657.05078,24244.34961,24244.34961,0
27-03-2018,24396.40039,24496.94922,24266.40039,24434.15039,24434.15039,0
28-03-2018,24299.5,24361,24203.40039,24263.34961,24263.34961,0
02-04-2018,24235.65039,24373.40039,24062.94922,24328.5,24328.5,0
03-04-2018,24285.94922,24538,24254.34961,24510.59961,24510.59961,0
04-04-2018,24502.5,24666.30078,24087.80078,24129.5,24129.5,0
05-04-2018,24394.44922,24824.90039,24380.84961,24759.80078,24759.80078,0
06-04-2018,24776.34961,24933.59961,24626.40039,24873.15039,24873.15039,0
09-04-2018,24848.84961,25152.84961,24828,25093.80078,25093.80078,0
10-04-2018,25153.59961,25279.90039,25120.19922,25226.80078,25226.80078,0
11-04-2018,25198.34961,25207.05078,24950.30078,25098.25,25098.25,0
12-04-2018,25076.90039,25244.80078,24969.40039,25195.09961,25195.09961,0
13-04-2018,25239.65039,25411.30078,25076.84961,25200.59961,25200.59961,0
16-04-2018,25082.09961,25348.55078,25067.34961,25320.84961,25320.84961,0
17-04-2018,25383.75,25402.55078,25224,25334.44922,25334.44922,0
18-04-2018,25426.75,25426.75,25058.75,25102.30078,25102.30078,0
19-04-2018,25206.44922,25207.30078,25049.69922,25126.15039,25126.15039,0
20-04-2018,25126.80078,25126.80078,24839.30078,24943.84961,24943.84961,0
23-04-2018,25065.5,25084.15039,24466.09961,24960.65039,24960.65039,0
24-04-2018,24972.19922,25123.44922,24955,25042.09961,25042.09961,0
25-04-2018,24993.40039,24993.40039,24734.59961,24814.40039,24814.40039,0
26-04-2018,24833.19922,25064,24753.40039,25010.90039,25010.90039,0
27-04-2018,25030.15039,25441.5,25029.65039,25394.59961,25394.59961,0
30-04-2018,25490.15039,25617.5,25464.80078,25531.59961,25531.59961,0
02-05-2018,25607.05078,25716.75,25499.34961,25568.30078,25568.30078,114400
03-05-2018,25547.90039,25653.44922,25469.05078,25605.25,25605.25,97400
04-05-2018,25632.30078,25680.40039,25537.69922,25645.40039,25645.40039,94400
07-05-2018,25676.25,25913.5,25675.15039,25852.05078,25852.05078,0
08-05-2018,26074.15039,26116.25,25954.59961,26090.5,26090.5,0
09-05-2018,25988.09961,26206.5,25946.30078,26154.44922,26154.44922,0
10-05-2018,26216.09961,26266.40039,26057.19922,26131,26131,0
11-05-2018,26173.69922,26437.25,26099.84961,26413.15039,26413.15039,0
14-05-2018,26404.44922,26565.40039,26338.05078,26475.15039,26475.15039,0
15-05-2018,26494.90039,26972.05078,26407.30078,26474,26474,0
16-05-2018,26269.34961,26428.34961,26102.15039,26182.15039,26182.15039,0
17-05-2018,26233.19922,26283.55078,26012,26073.80078,26073.80078,0
18-05-2018,26025.59961,26032,25839,25875.59961,25875.59961,0
21-05-2018,26017.5,26066.75,25685.34961,25750.80078,25750.80078,0
22-05-2018,25780.25,25945.65039,25701.34961,25777.69922,25777.69922,0
23-05-2018,25726.94922,25903.90039,25622.15039,25684.94922,25684.94922,0
24-05-2018,25722.90039,26073.09961,25658.40039,26016.80078,26016.80078,0
25-05-2018,26066.75,26325.55078,26031.44922,26273.55078,26273.55078,0
28-05-2018,26291.65039,26713.65039,26273.90039,26614.25,26614.25,0
29-05-2018,26567.25,26570.94922,26221.09961,26254.80078,26254.80078,0
30-05-2018,26039.90039,26405.44922,25980.84961,26327.80078,26327.80078,0
31-05-2018,26587,27164.55078,26354.55078,26956.19922,26956.19922,0
01-06-2018,26913.40039,26996.80078,26658.55078,26692.80078,26692.80078,0
04-06-2018,27023.69922,27047.55078,26205.90039,26257.55078,26257.55078,0
05-06-2018,26263,26342.40039,26069.55078,26251,26251,0
06-06-2018,26266.90039,26425.19922,26147.80078,26367.59961,26367.59961,0
07-06-2018,26577.94922,26766.94922,26483.90039,26517.80078,26517.80078,0
08-06-2018,26457.25,26481,26284.19922,26451.34961,26451.34961,0
11-06-2018,26473.19922,26653,26421.94922,26453.55078,26453.55078,0
12-06-2018,26566.59961,26656.44922,26449.84961,26607.09961,26607.09961,0
13-06-2018,26721.94922,26765.44922,26598.19922,26642.80078,26642.80078,0
14-06-2018,26612.30078,26623.25,26503.09961,26562.25,26562.25,0
15-06-2018,26513.69922,26586.40039,26344.94922,26417.40039,26417.40039,0
18-06-2018,26444.30078,26477.5,26322.44922,26409.30078,26409.30078,0
19-06-2018,26448.09961,26448.09961,26224.75,26265.75,26265.75,0
20-06-2018,26320.44922,26574.75,26309.94922,26557.69922,26557.69922,0
21-06-2018,26645.30078,26682.94922,26454.94922,26496.94922,26496.94922,0
22-06-2018,26518.40039,26806.55078,26364.25,26766.84961,26766.84961,0
25-06-2018,26718.15039,26804.90039,26573,26609.69922,26609.69922,0
26-06-2018,26495.65039,26712.59961,26479.65039,26601.69922,26601.69922,0
27-06-2018,26616.30078,26634.30078,26336.5,26423.40039,26423.40039,0
28-06-2018,26398.09961,26487.84961,26161,26324.59961,26324.59961,0
29-06-2018,26312.69922,26465,26291.34961,26364.19922,26364.19922,0
02-07-2018,26364.44922,26371.59961,26060.59961,26230.30078,26230.30078,0
03-07-2018,26210.09961,26316.09961,26142,26204.09961,26204.09961,0
04-07-2018,26249.25,26480.5,26132.90039,26433.94922,26433.94922,0
05-07-2018,26481.55078,26598.44922,26415.19922,26503.30078,26503.30078,0
06-07-2018,26427.55078,26609.84961,26410,26493.84961,26493.84961,0
09-07-2018,26642.34961,26781.19922,26611.55078,26753.30078,26753.30078,0
10-07-2018,26844.55078,26939.55078,26778.5,26894.55078,26894.55078,0
11-07-2018,26900.65039,26938.84961,26774.59961,26816.19922,26816.19922,0
12-07-2018,26937.5,27164.80078,26936.05078,27026.55078,27026.55078,0
13-07-2018,27046.84961,27102.34961,26902.30078,26935.94922,26935.94922,0
16-07-2018,26914.5,26939.05078,26643.94922,26679.80078,26679.80078,0
17-07-2018,26662.84961,27041.34961,26653.65039,27008.09961,27008.09961,0
18-07-2018,27107.34961,27187.15039,26834.44922,26880.90039,26880.90039,0
19-07-2018,26960.19922,27025.44922,26730.09961,26789.65039,26789.65039,0
20-07-2018,26764.40039,26946.55078,26718.59961,26873.19922,26873.19922,0
23-07-2018,26701.30078,27040.09961,26671.34961,27008.15039,27008.15039,0
24-07-2018,26984.15039,27128,26868.15039,26974.40039,26974.40039,0
25-07-2018,26992.55078,27074,26939.34961,27031.30078,27031.30078,0
26-07-2018,27054.69922,27455.09961,27045.05078,27406.40039,27406.40039,0
27-07-2018,27497.80078,27661.05078,27455,27634.40039,27634.40039,0
30-07-2018,27767.65039,27873.69922,27607.94922,27842.59961,27842.59961,0
31-07-2018,27797.19922,27839.19922,27651.30078,27764.15039,27764.15039,0
01-08-2018,27684.80078,27820.15039,27477.90039,27596.59961,27596.59961,0
02-08-2018,27469.5,27487.90039,27327.94922,27355.94922,27355.94922,0
03-08-2018,27471.94922,27723,27448.15039,27695.5,27695.5,0
06-08-2018,27769.55078,27994,27766.05078,27898.5,27898.5,0
07-08-2018,27972.94922,27988.19922,27827.30078,27875.90039,27875.90039,0
08-08-2018,27930.55078,28128.65039,27858.75,28062.44922,28062.44922,0
09-08-2018,28173.65039,28363.40039,28132,28320,28320,0
10-08-2018,28348.94922,28377.90039,28087.65039,28124.25,28124.25,0
13-08-2018,27760.80078,27911.84961,27739.5,27794.40039,27794.40039,0
14-08-2018,27864.40039,28053.05078,27854.90039,28021.69922,28021.69922,0
16-08-2018,27836.15039,28013.09961,27779.5,27826.55078,27826.55078,179500
17-08-2018,27991.75,28178.15039,27953.80078,28128.55078,28128.55078,151600
20-08-2018,28171.65039,28322.30078,28171.65039,28274.25,28274.25,172500
21-08-2018,28295.84961,28305.94922,28151.90039,28257.90039,28257.90039,138100
23-08-2018,28321.94922,28325.44922,27965.34961,28027.90039,28027.90039,0
24-08-2018,27954.25,28122.75,27782.80078,27834.69922,27834.69922,0
27-08-2018,27971.25,28317.75,27958.19922,28264.19922,28264.19922,0
28-08-2018,28379.90039,28388.65039,28152.69922,28269.65039,28269.65039,0
29-08-2018,28233.40039,28344.09961,28167.80078,28224.09961,28224.09961,0
30-08-2018,28233.69922,28233.69922,27961.75,28103.25,28103.25,0
31-08-2018,27998,28157.34961,27940.94922,28061.75,28061.75,0
03-09-2018,28199.44922,28203.19922,27777.40039,27819.5,27819.5,123200
04-09-2018,27845.55078,27875.15039,27385.84961,27430.75,27430.75,0
05-09-2018,27409.30078,27506.30078,27136.05078,27376.05078,27376.05078,0
06-09-2018,27464.25,27552.80078,27246.25,27468.69922,27468.69922,0
07-09-2018,27439.25,27512.5,27232.80078,27481.44922,27481.44922,0
10-09-2018,27395.19922,27404.84961,27142.55078,27201.75,27201.75,0
11-09-2018,27295.19922,27318.44922,26772.25,26807.5,26807.5,0
12-09-2018,26895.15039,26895.15039,26555.15039,26819.19922,26819.19922,0
14-09-2018,27059.84961,27205.75,26989.80078,27163.84961,27163.84961,0
17-09-2018,27002.59961,27002.59961,26743.40039,26820.30078,26820.30078,0
18-09-2018,26757,26901.05078,26407.44922,26441.44922,26441.44922,0
19-09-2018,26532,26611.59961,26235.69922,26277.34961,26277.34961,0
21-09-2018,26331.05078,26490.40039,25053.34961,25596.90039,25596.90039,0
24-09-2018,25645.05078,25649.69922,24904.5,24970.34961,24970.34961,0
25-09-2018,24947.69922,25406.94922,24678.25,25330.34961,25330.34961,0
26-09-2018,25525.09961,25525.09961,25197.34961,25376.30078,25376.30078,0
27-09-2018,25442.09961,25452.5,25007.05078,25042.15039,25042.15039,0
28-09-2018,25135.80078,25354.69922,24919.25,25119.84961,25119.84961,0
01-10-2018,24943.90039,25412.15039,24707.65039,25367,25367,0
03-10-2018,25290.55078,25470.05078,25026.34961,25069.90039,25069.90039,253300
04-10-2018,24735.15039,24893.40039,24501.05078,24819.30078,24819.30078,0
05-10-2018,24741.65039,25080.19922,24250.65039,24443.44922,24443.44922,0
08-10-2018,24470.75,24745.34961,24240.05078,24618.34961,24618.34961,0
09-10-2018,24703.65039,24759.90039,24464.90039,24527.65039,24527.65039,0
10-10-2018,24596.59961,25371.15039,24559.90039,25321.69922,25321.69922,0
11-10-2018,24541.75,24940.09961,24493.69922,24783.94922,24783.94922,0
12-10-2018,25001.94922,25484.19922,24975.44922,25395.84961,25395.84961,0
15-10-2018,25444,25466.19922,25147.80078,25388.05078,25388.05078,0
16-10-2018,25414.19922,25707.05078,25351.80078,25589.65039,25589.65039,0
17-10-2018,25839.09961,25915.34961,25101.94922,25188.59961,25188.59961,0
19-10-2018,24966.5,25277.90039,24922.65039,25085.80078,25085.80078,0
22-10-2018,25484.25,25504.75,25021.34961,25078.59961,25078.59961,0
23-10-2018,24786.90039,25124.59961,24784.90039,24972.44922,24972.44922,0
24-10-2018,25312.69922,25356.90039,24839.65039,25064.19922,25064.19922,0
25-10-2018,24841.5,24977.34961,24696.84961,24817.44922,24817.44922,0
26-10-2018,24771.84961,24771.94922,24353.09961,24421.05078,24421.05078,0
29-10-2018,24647.94922,25023.75,24404.55078,24959.69922,24959.69922,0
30-10-2018,24924.75,25121.5,24686.84961,24807.75,24807.75,0
31-10-2018,24823.80078,25201.30078,24528.34961,25153.25,25153.25,0
01-11-2018,25285.19922,25401.59961,25129.44922,25323.65039,25323.65039,0
02-11-2018,25545.34961,25856.25,25499.15039,25701.65039,25701.65039,0
05-11-2018,25731.55078,25788.19922,25534.40039,25732.19922,25732.19922,0
06-11-2018,25747.40039,25860.75,25558.34961,25598,25598,0
07-11-2018,25818.09961,25824.40039,25698.09961,25737.5,25737.5,0
09-11-2018,25742.55078,25822.75,25598.75,25771,25771,0
12-11-2018,25816.15039,25907.19922,25495.09961,25539.75,25539.75,0
13-11-2018,25422,25796.5,25384.55078,25768.59961,25768.59961,0
14-11-2018,25952.40039,26045.05078,25806.69922,25930.15039,25930.15039,0
15-11-2018,25946.19922,26197.59961,25728,26154.75,26154.75,0
16-11-2018,26205.34961,26332.75,26122.55078,26245.55078,26245.55078,0
19-11-2018,26364.59961,26379.09961,26204.34961,26300.69922,26300.69922,0
20-11-2018,26211.5,26259.40039,26041.80078,26113.34961,26113.34961,0
21-11-2018,26105.44922,26342.05078,26060.55078,26262.05078,26262.05078,0
22-11-2018,26233.65039,26323.94922,25947.84961,25999.44922,25999.44922,0
26-11-2018,26096,26396.59961,26025.05078,26365.59961,26365.59961,0
27-11-2018,26286.09961,26491.25,26268.65039,26443.09961,26443.09961,0
28-11-2018,26489.65039,26584.94922,26419.65039,26457.94922,26457.94922,0
29-11-2018,26641.59961,27003.75,26577.15039,26939.59961,26939.59961,0
30-11-2018,27009.30078,27012.69922,26764.90039,26862.94922,26862.94922,0
03-12-2018,27032.90039,27037.09961,26791.65039,26857.55078,26857.55078,0
04-12-2018,26809.5,26843.80078,26644.75,26693.80078,26693.80078,0
05-12-2018,26572.09961,26627.34961,26443.65039,26519.59961,26519.59961,0
06-12-2018,26339.09961,26359.90039,26149.44922,26198.30078,26198.30078,0
07-12-2018,26307.40039,26659.69922,26252.09961,26594.30078,26594.30078,0
10-12-2018,26073.65039,26336.19922,26072,26102.65039,26102.65039,0
11-12-2018,25602.25,26227.90039,25598.94922,26163.40039,26163.40039,0
12-12-2018,26286.25,26672.69922,26214.75,26643.84961,26643.84961,0
13-12-2018,26844.15039,26951.44922,26723.65039,26816.34961,26816.34961,0
14-12-2018,26810.84961,26909,26732.69922,26826,26826,0
17-12-2018,26915.44922,27051.40039,26908.59961,27015.80078,27015.80078,0
18-12-2018,26917.30078,27210.05078,26840.80078,27174.69922,27174.69922,0
19-12-2018,27229.05078,27364.34961,27214.30078,27298.40039,27298.40039,0
20-12-2018,27128.65039,27309.09961,27084.5,27275.09961,27275.09961,0
21-12-2018,27261.25,27369.09961,26823.09961,26869.65039,26869.65039,0
24-12-2018,26877.05078,26934.84961,26676.94922,26714.75,26714.75,0
26-12-2018,26634,27029.15039,26408.15039,26986.80078,26986.80078,0
27-12-2018,27200.65039,27239.94922,26845.09961,26878.55078,26878.55078,0
28-12-2018,27048.40039,27213.44922,27039.59961,27125.25,27125.25,0
31-12-2018,27267.80078,27286.5,27105,27160.19922,27160.19922,0
01-01-2019,null,null,null,null,null,null
02-01-2019,27297,27397.55078,27077.59961,27174.69922,27174.69922,0
03-01-2019,27181.59961,27206.19922,26923.75,26959.84961,26959.84961,0
04-01-2019,26999.69922,27274.5,26926.09961,27195,27195,0
07-01-2019,27378.65039,27477.80078,27279.55078,27304.55078,27304.55078,0
08-01-2019,27301.90039,27542.40039,27161.94922,27509.5,27509.5,146100
09-01-2019,27651.25,27754.44922,27409.5,27720.40039,27720.40039,0
10-01-2019,27713.55078,27713.55078,27488.19922,27528.55078,27528.55078,0
11-01-2019,27602.80078,27612.44922,27382.44922,27453.90039,27453.90039,0
14-01-2019,27389.19922,27389.80078,27182.19922,27248.25,27248.25,0
15-01-2019,27317.55078,27447.55078,27317.09961,27400.75,27400.75,0
16-01-2019,27405.65039,27554.75,27403.05078,27483.69922,27483.69922,0
17-01-2019,27568.59961,27611.55078,27335.15039,27528.75,27528.75,0
18-01-2019,27550.05078,27576.44922,27410.65039,27456.69922,27456.69922,0
21-01-2019,27514.55078,27622.19922,27388.5,27533.59961,27533.59961,0
22-01-2019,27526.55078,27533.34961,27385.40039,27482.25,27482.25,0
23-01-2019,27493.09961,27564.69922,27189.59961,27250.75,27250.75,0
24-01-2019,27273.5,27342.34961,27142.80078,27266.40039,27266.40039,0
25-01-2019,27261.44922,27433.55078,27045.19922,27115.30078,27115.30078,0
28-01-2019,27041.44922,27134.19922,26587.94922,26653.05078,26653.05078,0
29-01-2019,26616.25,26743.84961,26441.55078,26573.40039,26573.40039,0
30-01-2019,26789.75,26916.25,26693.69922,26825.5,26825.5,0
31-01-2019,26969.15039,27325.05078,26891.05078,27295.44922,27295.44922,0
01-02-2019,27334.55078,27533.05078,26930.44922,27085.94922,27085.94922,231600
04-02-2019,26974,27243.80078,26825.55078,27186.59961,27186.59961,0
05-02-2019,27226.05078,27348.25,27153.19922,27271.69922,27271.69922,0
06-02-2019,27326.19922,27428.65039,27294.09961,27402.34961,27402.34961,0
07-02-2019,27424.09961,27589.75,27322.94922,27387.15039,27387.15039,0
08-02-2019,27302.65039,27482.09961,27221.25,27294.40039,27294.40039,0
11-02-2019,27240.5,27305.90039,27151.55078,27227.80078,27227.80078,0
12-02-2019,27166.90039,27286.65039,26988.90039,27010.75,27010.75,0
14-02-2019,26978,27030,26818.05078,26970.59961,26970.59961,0
15-02-2019,27017.19922,27029.94922,26635.25,26794.25,26794.25,0
18-02-2019,26754.59961,26829.94922,26617.69922,26654.25,26654.25,0
19-02-2019,26666.55078,26996.44922,26625.59961,26684.84961,26684.84961,0
20-02-2019,26786,26985.5,26732.65039,26955.5,26955.5,0
21-02-2019,26994.75,27100.90039,26973,27052.40039,27052.40039,0
22-02-2019,26960.05078,26997.34961,26847.80078,26867.55078,26867.55078,0
25-02-2019,26934.19922,27197.09961,26932.65039,27159.25,27159.25,0
26-02-2019,26853.80078,27127.25,26736.59961,26952.94922,26952.94922,0
27-02-2019,27078.09961,27189.44922,26719.40039,26799.30078,26799.30078,0
28-02-2019,26878,26920.5,26762.55078,26789.90039,26789.90039,0
01-03-2019,26941,27076.55078,26928.90039,27043.90039,27043.90039,0
05-03-2019,27068.15039,27580.75,26958.09961,27554.05078,27554.05078,0
06-03-2019,27618.09961,27681.65039,27492.05078,27625.65039,27625.65039,0
07-03-2019,27661,27815.5,27560,27764.59961,27764.59961,0
08-03-2019,27686.15039,27811.34961,27645.40039,27761.80078,27761.80078,0
11-03-2019,27840.09961,28035.59961,27791.25,27966.65039,27966.65039,0
12-03-2019,28168.19922,28488.09961,28142.25,28443.69922,28443.69922,0
13-03-2019,28480.30078,28927.69922,28353.65039,28884.30078,28884.30078,0
14-03-2019,29028.90039,29070.34961,28819.75,28923.09961,28923.09961,0
15-03-2019,29007,29520.69922,28990.84961,29381.44922,29381.44922,0
18-03-2019,29521.59961,29812,29361.65039,29596.09961,29596.09961,0
19-03-2019,29702.59961,29799.75,29547.69922,29767.84961,29767.84961,0
20-03-2019,29769.65039,29885.19922,29633.5,29832.19922,29832.19922,0
22-03-2019,29920.75,30008.09961,29508.69922,29582.5,29582.5,0
25-03-2019,29329.40039,29329.40039,29156.25,29281.19922,29281.19922,0
26-03-2019,29300.40039,29950.15039,29278.5,29882.15039,29882.15039,0
27-03-2019,30034.15039,30262.55078,29790.25,30019.80078,30019.80078,0
28-03-2019,30064.80078,30496.05078,29969.09961,30420.55078,30420.55078,0
01-04-2019,30537.59961,30648.09961,30218.34961,30326.5,30326.5,0
02-04-2019,30450.09961,30452.90039,30155.84961,30354.25,30354.25,0
03-04-2019,30440.84961,30602.55078,30036.25,30093.30078,30093.30078,0
04-04-2019,30147.30078,30245.69922,29809.90039,29904.90039,29904.90039,0
05-04-2019,30002.84961,30174,29850,30084.65039,30084.65039,0
08-04-2019,30201.5,30232.05078,29716.59961,29845.30078,29845.30078,0
09-04-2019,29901.5,30165.05078,29703.55078,30113.84961,30113.84961,0
10-04-2019,29916.59961,30155.75,29768.09961,29803.5,29803.5,0
11-04-2019,29841.84961,29852.25,29640.25,29786.09961,29786.09961,0
12-04-2019,29780.55078,30000.94922,29707,29938.55078,29938.55078,0
15-04-2019,29983.5,30163.09961,29919.09961,30104.25,30104.25,0
16-04-2019,30236.25,30590.94922,30228.19922,30531.34961,30531.34961,0
18-04-2019,30656.5,30669.80078,30142.19922,30223.40039,30223.40039,0
22-04-2019,30282.5,30289.90039,29647.55078,29687.94922,29687.94922,0
23-04-2019,29761.94922,29906.5,29455.44922,29479.69922,29479.69922,0
24-04-2019,29550.5,29914.84961,29435.05078,29860.80078,29860.80078,0
25-04-2019,29927.05078,30057.69922,29511.94922,29561.34961,29561.34961,0
26-04-2019,29764.84961,30048.19922,29563.15039,30013.5,30013.5,0
30-04-2019,29920.40039,29920.40039,29550.05078,29764.80078,29764.80078,0
02-05-2019,29699.80078,29919.34961,29638.80078,29708.59961,29708.59961,0
03-05-2019,29811.65039,30121.75,29795.09961,29954.15039,29954.15039,0
06-05-2019,29626.5,29757.40039,29528.59961,29618.44922,29618.44922,0
07-05-2019,29749.55078,29835.5,29244.25,29288.19922,29288.19922,0
08-05-2019,29261.30078,29261.30078,28951.34961,28994.40039,28994.40039,0
09-05-2019,28893.94922,29040.30078,28784.65039,28884.59961,28884.59961,0
10-05-2019,28927.59961,29202.84961,28900.09961,29040.5,29040.5,0
13-05-2019,29026.65039,29049.05078,28621.09961,28659.94922,28659.94922,0
14-05-2019,28718.75,29058.30078,28582.59961,28829.19922,28829.19922,0
15-05-2019,28925.44922,28983.15039,28555.15039,28616.44922,28616.44922,0
16-05-2019,28625.90039,28947.59961,28525.44922,28855.30078,28855.30078,0
17-05-2019,28881.40039,29559.44922,28856,29450.15039,29450.15039,0
20-05-2019,30230.40039,30827.84961,30111.19922,30759.69922,30759.69922,0
21-05-2019,30862.09961,30926.69922,30265.09961,30308.40039,30308.40039,0
22-05-2019,30410.65039,30675.09961,30268.59961,30526.80078,30526.80078,0
23-05-2019,30962.80078,31705,30292.34961,30409.09961,30409.09961,0
24-05-2019,30685.5,31275.40039,30564.40039,31212.55078,31212.55078,0
27-05-2019,31234.90039,31700.75,31142.5,31647.65039,31647.65039,232000
28-05-2019,31711.30078,31712.40039,31328.59961,31597.90039,31597.90039,0
29-05-2019,31459.25,31546.75,31257.90039,31295.55078,31295.55078,0
30-05-2019,31256.84961,31619.25,31236.09961,31537.09961,31537.09961,0
31-05-2019,31678.90039,31783.59961,30623.05078,31375.40039,31375.40039,0
03-06-2019,31406.05078,31674.59961,31284.69922,31653.65039,31653.65039,0
04-06-2019,31532.90039,31752.69922,31512.94922,31589.05078,31589.05078,0
06-06-2019,31523.94922,31541.5,30800.80078,30857.40039,30857.40039,274600
07-06-2019,30943.15039,31139.59961,30627.05078,31066.55078,31066.55078,0
10-06-2019,31259.19922,31367.40039,30861.30078,31034,31034,0
11-06-2019,31172.25,31399.34961,30973.34961,31265.44922,31265.44922,0
12-06-2019,31219.30078,31222.30078,30911.44922,30965.69922,30965.69922,0
13-06-2019,30876.75,31036.90039,30638.25,30976.09961,30976.09961,0
14-06-2019,30983.44922,31032.65039,30508.94922,30614.34961,30614.34961,0
17-06-2019,30652,30684.05078,30249.40039,30273.25,30273.25,0
18-06-2019,30299.44922,30550.65039,30222.84961,30351,30351,0
19-06-2019,30526.5,30699.15039,30242,30362.09961,30362.09961,0
20-06-2019,30390.19922,30824.55078,30220.69922,30781.09961,30781.09961,0
21-06-2019,30804.94922,30804.94922,30541.5,30628.34961,30628.34961,0
24-06-2019,30680.94922,30783.65039,30528,30602.05078,30602.05078,0
25-06-2019,30567.65039,30913.25,30451.40039,30847.05078,30847.05078,0
26-06-2019,30809.19922,31202.69922,30766.65039,31162.34961,31162.34961,0
27-06-2019,31192.09961,31490.59961,31158.80078,31269.5,31269.5,0
28-06-2019,31281,31308.90039,31060.59961,31105.19922,31105.19922,0
01-07-2019,31271,31449.65039,31247.44922,31372.19922,31372.19922,0
02-07-2019,31414.65039,31431.34961,31105.09961,31283.30078,31283.30078,0
03-07-2019,31347.69922,31466.34961,31242.09961,31382.30078,31382.30078,0
04-07-2019,31471,31608.34961,31428.05078,31471.84961,31471.84961,242986000
05-07-2019,31523.05078,31660.75,31323.25,31475.80078,31475.80078,0
08-07-2019,31346.84961,31346.84961,30538.55078,30603.84961,30603.84961,0
09-07-2019,30533.40039,30702.05078,30348.84961,30569.15039,30569.15039,0
10-07-2019,30618.05078,30728.34961,30431.25,30522.09961,30522.09961,0
11-07-2019,30707,30787,30566.09961,30716.55078,30716.55078,0
12-07-2019,30789.75,30861.40039,30550.75,30601.44922,30601.44922,0
15-07-2019,30688.84961,30688.84961,30334.65039,30445.94922,30445.94922,0
16-07-2019,30532.65039,30632.15039,30430.15039,30570.80078,30570.80078,0
17-07-2019,30622.25,30799.30078,30570.05078,30735.5,30735.5,0
18-07-2019,30705.80078,30768.09961,30379,30430.59961,30430.59961,0
19-07-2019,30515.09961,30537.65039,29705.90039,29770.34961,29770.34961,0
22-07-2019,29617.05078,29635.15039,29194.09961,29284.94922,29284.94922,339800
23-07-2019,29342.44922,29364.40039,29078.80078,29128.09961,29128.09961,0
24-07-2019,29085.44922,29250.75,28872.30078,28952.25,28952.25,0
25-07-2019,28981.05078,29240.80078,28931.05078,29043.05078,29043.05078,0
26-07-2019,29062.5,29377.59961,28999.55078,29325.30078,29325.30078,0
29-07-2019,29583.44922,29583.44922,29106.75,29295.90039,29295.90039,0
30-07-2019,29434.84961,29528.30078,28739.5,28791.59961,28791.59961,0
31-07-2019,28575.44922,28974.19922,28537,28876,28876,0
01-08-2019,28660.5,28819.69922,28047.34961,28367.25,28367.25,0
02-08-2019,28224.25,28541.19922,27937.55078,28204.94922,28204.94922,310300
05-08-2019,27841.19922,27866.55078,27389.5,27648.05078,27648.05078,0
06-08-2019,27518.5,28147.40039,27518.5,28022.09961,28022.09961,0
07-08-2019,28053.84961,28175.55078,27641.84961,27702.05078,27702.05078,0
08-08-2019,27840.09961,28225,27531.94922,28110.44922,28110.44922,0
09-08-2019,28293.65039,28602.19922,28254.69922,28431.90039,28431.90039,0
13-08-2019,28356.80078,28358.84961,27683.5,27729.09961,27729.09961,0
14-08-2019,27885.5,28104.59961,27729.40039,28019.19922,28019.19922,0
16-08-2019,27920.30078,28250.15039,27720.94922,28217,28217,0
19-08-2019,28331.25,28468.90039,28146.5,28186.09961,28186.09961,0
20-08-2019,28029.80078,28038.59961,27864.59961,27982.44922,27982.44922,0
21-08-2019,28021,28098.90039,27666.19922,27719.05078,27719.05078,0
22-08-2019,27690.05078,27690.05078,26975.55078,27034.19922,27034.19922,0
23-08-2019,26835.34961,27207.30078,26560.59961,26958.65039,26958.65039,0
26-08-2019,27663.94922,27995.25,26859.34961,27951.34961,27951.34961,0
27-08-2019,28106.30078,28277.69922,27960.80078,28126.15039,28126.15039,0
28-08-2019,28080.25,28095.55078,27634.65039,27804.30078,27804.30078,0
29-08-2019,27694.94922,27719.05078,27239.94922,27305.19922,27305.19922,0
30-08-2019,27407.90039,27586.5,27121.94922,27427.84961,27427.84961,0
03-09-2019,27239.19922,27247.05078,26742.59961,26824.15039,26824.15039,0
04-09-2019,26785.94922,27278.69922,26641.34961,27123.84961,27123.84961,0
05-09-2019,27086.94922,27243.94922,26815.40039,26919.69922,26919.69922,0
06-09-2019,26986.5,27311.05078,26950.55078,27247.90039,27247.90039,0
09-09-2019,27240.34961,27565.55078,26993.90039,27504.65039,27504.65039,0
11-09-2019,27639.05078,27829.65039,27551.65039,27776.19922,27776.19922,0
12-09-2019,27870.80078,28062.30078,27764.69922,27818.5,27818.5,0
13-09-2019,27772,28126.84961,27573.44922,28098.75,28098.75,0
16-09-2019,27868,28066.69922,27798.84961,27855,27855,0
17-09-2019,27765.09961,27851.40039,27047.94922,27131.75,27131.75,0
18-09-2019,27304.69922,27414.44922,27088.80078,27172.65039,27172.65039,0
19-09-2019,27175.44922,27175.44922,26643,26757.65039,26757.65039,0
20-09-2019,26878.65039,29418.94922,26727.55078,28981.55078,28981.55078,0
23-09-2019,30039.40039,30801.30078,29776.30078,30566.19922,30566.19922,0
24-09-2019,30432,30668.09961,29889.55078,30183.09961,30183.09961,0
25-09-2019,30029.05078,30067.59961,29470.09961,29586.05078,29586.05078,0
26-09-2019,29640.55078,30718.34961,29627,30002.59961,30002.59961,0
27-09-2019,29974.94922,30112.65039,29711.34961,29876.65039,29876.65039,0
30-09-2019,29674.80078,29754.40039,28943.44922,29103.15039,29103.15039,0
01-10-2019,29226.15039,29526.40039,28077.34961,28725.5,28725.5,1187300
03-10-2019,28606.69922,28769.09961,28240.80078,28414.09961,28414.09961,0
04-10-2019,28681.90039,28730.30078,27653.69922,27731.84961,27731.84961,0
07-10-2019,27909.90039,28185.15039,27568.34961,27767.55078,27767.55078,0
09-10-2019,27901.65039,28857.69922,27702.05078,28785.84961,28785.84961,0
10-10-2019,28542.94922,28552.75,27914.15039,28013.44922,28013.44922,0
11-10-2019,28245.55078,28604.05078,27736.80078,28042.5,28042.5,0
14-10-2019,28238.5,28553.40039,28043.25,28181.94922,28181.94922,0
15-10-2019,28257.84961,28694.84961,28186.25,28555.09961,28555.09961,0
16-10-2019,28689.44922,28759.34961,28305.40039,28538.80078,28538.80078,0
17-10-2019,28596.34961,29049.05078,28487.94922,28989.44922,28989.44922,0
18-10-2019,28954.80078,29249.5,28864.09961,29120.25,29120.25,0
22-10-2019,29416.25,29690,29231.19922,29411.15039,29411.15039,0
23-10-2019,29478.84961,29643.80078,29214.05078,29459.59961,29459.59961,0
24-10-2019,29604.34961,29693.25,28994.19922,29107.94922,29107.94922,0
25-10-2019,29228.65039,29452.09961,28923.80078,29395.94922,29395.94922,0
27-10-2019,null,null,null,null,null,null
29-10-2019,29527.59961,29997.65039,29385.44922,29873.05078,29873.05078,0
30-10-2019,30005.69922,30151.09961,29753,29987.5,29987.5,0
31-10-2019,30168.65039,30415.65039,29987.15039,30066.25,30066.25,0
01-11-2019,30196.15039,30409,30028.90039,30330.55078,30330.55078,0
04-11-2019,30415.90039,30607.05078,30227.25,30333.09961,30333.09961,0
05-11-2019,30403.25,30452.69922,30091.34961,30219.84961,30219.84961,0
06-11-2019,30225.19922,30699,30013.65039,30609.59961,30609.59961,0
07-11-2019,30722.59961,30821.34961,30462.55078,30633.15039,30633.15039,364800
08-11-2019,30571.30078,31108.40039,30504.05078,30749.40039,30749.40039,0
11-11-2019,30664.65039,31205.19922,30625.80078,31115.55078,31115.55078,0
13-11-2019,31084.75,31198.5,30488.09961,30541.55078,30541.55078,0
14-11-2019,30615.80078,30789.19922,30338.34961,30749.94922,30749.94922,0
15-11-2019,30912.40039,31165.44922,30860.69922,31008.40039,31008.40039,0
18-11-2019,31036.80078,31203.55078,30901.84961,30992.09961,30992.09961,0
19-11-2019,31045.15039,31298.05078,30974.30078,31236.25,31236.25,0
20-11-2019,31292.34961,31471.65039,31205.55078,31353.84961,31353.84961,0
21-11-2019,31413.25,31463.15039,31243,31349.94922,31349.94922,0
22-11-2019,31389.59961,31394.19922,31055.19922,31111.59961,31111.59961,0
25-11-2019,31065.09961,31591.59961,31049.75,31555.90039,31555.90039,0
26-11-2019,31692.84961,31850.34961,31465.84961,31718.34961,31718.34961,0
27-11-2019,31832.75,31916.80078,31734.5,31875.94922,31875.94922,0
28-11-2019,31981.69922,32157.05078,31905.90039,32122.94922,32122.94922,498300
29-11-2019,32074.15039,32086.94922,31770.80078,31946.09961,31946.09961,0
02-12-2019,32008.30078,32024.09961,31720.59961,31871.44922,31871.44922,0
03-12-2019,31920.09961,31936.59961,31502.94922,31613.34961,31613.34961,0
04-12-2019,31549.30078,32017.75,31444,31979.30078,31979.30078,516800
05-12-2019,32083.80078,32126.94922,31628.30078,31712.94922,31712.94922,393300
06-12-2019,31797.15039,31883.69922,31250.65039,31341.55078,31341.55078,485400
09-12-2019,31321.40039,31537.65039,31122.05078,31316.65039,31316.65039,494500
10-12-2019,31386.40039,31412.80078,31126,31160.34961,31160.34961,505400
11-12-2019,31151.65039,31337.84961,30996.40039,31256.75,31256.75,815400
12-12-2019,31356.80078,31711.44922,31352.09961,31665.44922,31665.44922,529700
13-12-2019,31775.55078,32105.05078,31770.5,32014.25,32014.25,390500
16-12-2019,32159,32186.94922,31897.75,31974.19922,31974.19922,306000
17-12-2019,32082.40039,32213.34961,31987.34961,32140.25,32140.25,259900
18-12-2019,32292.25,32293.65039,32017.30078,32244.25,32244.25,258800
19-12-2019,32281.65039,32328.34961,32085.05078,32241.44922,32241.44922,436900
20-12-2019,32266.84961,32443.34961,32199.44922,32384.94922,32384.94922,535200
23-12-2019,32381,32502.80078,32196.84961,32339.44922,32339.44922,391500
24-12-2019,32337.80078,32390.34961,32246.05078,32280.75,32280.75,330800
26-12-2019,32276.15039,32314.59961,31963.25,31997.69922,31997.69922,339800
27-12-2019,32142.5,32444.84961,32056.25,32412.34961,32412.34961,332400
30-12-2019,32486.59961,32613.09961,32248.5,32354.90039,32354.90039,0
31-12-2019,32345.94922,32345.94922,32108.75,32161.65039,32161.65039,251400
01-01-2020,null,null,null,null,null,null
02-01-2020,32133.15039,32465.44922,32121.40039,32443.84961,32443.84961,253600
03-01-2020,32326.94922,32329.80078,31960.40039,32069.25,32069.25,217600
06-01-2020,31910.44922,31914.44922,31170.55078,31237.15039,31237.15039,256200
07-01-2020,31598.05078,31851.44922,31200.90039,31399.40039,31399.40039,294400
08-01-2020,30995.5,31451.84961,30899.55078,31373.65039,31373.65039,304500
09-01-2020,31748.25,32172.69922,31667.15039,32092.40039,32092.40039,308000
10-01-2020,32215.69922,32347.19922,31953.40039,32097.40039,32097.40039,444700
13-01-2020,32139.09961,32322.65039,32074.05078,32177.65039,32177.65039,291400
14-01-2020,32196.44922,32196.44922,31989.19922,32071.65039,32071.65039,438900
15-01-2020,31994.75,32000.90039,31670.34961,31824.90039,31824.90039,545700
16-01-2020,31810.55078,31988.90039,31692.40039,31853.90039,31853.90039,253700
17-01-2020,31571.65039,31773.55078,31445.5,31590.65039,31590.65039,308100
20-01-2020,31923.94922,31923.94922,31050.94922,31080.65039,31080.65039,282200
21-01-2020,30978.84961,31171.25,30858.59961,30947.55078,30947.55078,227500
22-01-2020,31061.59961,31149.05078,30614,30701.44922,30701.44922,200600
23-01-2020,30742.19922,31087.25,30621.34961,31004.05078,31004.05078,343800
24-01-2020,31040.09961,31375.44922,30879.05078,31241.75,31241.75,424600
27-01-2020,31110.55078,31227.05078,30808.55078,30837.40039,30837.40039,309900
28-01-2020,30922,31048.44922,30656.34961,30761.40039,30761.40039,239600
29-01-2020,30915.09961,31082.84961,30835.80078,30877,30877,268800
30-01-2020,30889.25,30909.5,30521.30078,30647.40039,30647.40039,328900
31-01-2020,30950.5,31033.44922,30691.80078,30833.59961,30833.59961,333400
03-02-2020,29811.75,30105.80078,29612.55078,30023.25,30023.25,337100
04-02-2020,30235.30078,30776.94922,30182.44922,30686.69922,30686.69922,336600
05-02-2020,30761.94922,31065.84961,30630.84961,31001.94922,31001.94922,427600
06-02-2020,31070.75,31470.65039,30917.25,31304.05078,31304.05078,334000
07-02-2020,31367.05078,31368.19922,31111.05078,31201.94922,31201.94922,254400
10-02-2020,31248.65039,31248.80078,30957.19922,31058.15039,31058.15039,239700
11-02-2020,31230.19922,31505.94922,31225.90039,31300.59961,31300.59961,198900
12-02-2020,31441.15039,31588.59961,31398.15039,31492.90039,31492.90039,226000
13-02-2020,31586.55078,31649.44922,31180.59961,31230.25,31230.25,303000
14-02-2020,31281.84961,31436.65039,30776.09961,30834.80078,30834.80078,341400
17-02-2020,30873.84961,30998.15039,30630.5,30680.69922,30680.69922,0
18-02-2020,30661.5,30692.75,30252.44922,30562.5,30562.5,398900
19-02-2020,30905,30947.15039,30606.15039,30838.19922,30838.19922,268800
20-02-2020,30862.30078,31085.30078,30702.44922,30942.84961,30942.84961,273100
24-02-2020,30666.34961,30702.15039,30428,30455.09961,30455.09961,254200
25-02-2020,30517,30610.69922,30329.94922,30432.69922,30432.69922,215900
26-02-2020,30279.94922,30515.34961,30131.75,30306.84961,30306.84961,291000
27-02-2020,30270,30271.94922,29914.15039,30187,30187,358000
28-02-2020,29501.55078,29564.09961,29051.5,29147.15039,29147.15039,386900
02-03-2020,29701,29791.15039,28571.69922,28868.40039,28868.40039,368300
03-03-2020,29012.55078,29285.34961,28749.55078,29177.05078,29177.05078,367300
04-03-2020,29252.94922,29273.65039,28125.15039,28653.69922,28653.69922,425800
05-03-2020,28830.30078,29134.30078,28535.59961,28815.34961,28815.34961,1075700
06-03-2020,27649.94922,28047.19922,27162.30078,27801.44922,27801.44922,1568100
09-03-2020,27031.44922,27091.59961,25923.40039,26462.59961,26462.59961,1059000
11-03-2020,26272.75,26791.44922,26234.09961,26487.80078,26487.80078,723300
12-03-2020,25175.90039,25223.09961,23536.34961,23971.15039,23971.15039,760600
13-03-2020,22720.75,25670.75,21351.69922,25166.44922,25166.44922,783400
16-03-2020,24061.59961,24074.15039,23008.25,23101.15039,23101.15039,481900
17-03-2020,23348.05078,23449.5,22002,22155.15039,22155.15039,537700
18-03-2020,22411.84961,22544.05078,20267.94922,20580.19922,20580.19922,875300
19-03-2020,19428.94922,21035.05078,18675.65039,20083.5,20083.5,476600
20-03-2020,19898.30078,20924.55078,19265,20317.59961,20317.59961,501800
23-03-2020,18311.30078,18895.65039,16791.05078,16917.65039,16917.65039,307600
24-03-2020,17705.84961,17841.40039,16116.25,17107.30078,17107.30078,391700
25-03-2020,16759.94922,18740.19922,16635.5,18481.05078,18481.05078,394600
26-03-2020,18781.84961,20409.34961,18364.5,19613.90039,19613.90039,482900
27-03-2020,20801.59961,21462.40039,19580.09961,19969,19969,539400
30-03-2020,19254.44922,19716.25,18668.69922,18782.40039,18782.40039,327000
31-03-2020,19307.65039,19466.30078,18792.40039,19144,19144,309800
01-04-2020,19122.40039,19154.75,18042.25,18208.34961,18208.34961,274900
03-04-2020,18325.05078,18326.09961,17143.19922,17249.30078,17249.30078,342500
07-04-2020,18454.55078,19190.55078,17953.75,19062.5,19062.5,435400
08-04-2020,18799.40039,20324.09961,18482.90039,18946.44922,18946.44922,508400
09-04-2020,19553.15039,19988.30078,19166.90039,19913.59961,19913.59961,390000
13-04-2020,19854.90039,19887.05078,19294,19488,19488,288200
15-04-2020,20096.34961,20184.09961,18776.75,19057.05078,19057.05078,389900
16-04-2020,18957.15039,19520.30078,18703.44922,19400,19400,350300
17-04-2020,20394.75,20866.55078,19729.30078,20681.44922,20681.44922,475000
20-04-2020,21104.69922,21122.09961,20444.25,20522.65039,20522.65039,438600
21-04-2020,19812.05078,19891.44922,19247.94922,19409.34961,19409.34961,311900
22-04-2020,19306.94922,19806.34961,19051.94922,19701.84961,19701.84961,349400
23-04-2020,19871.34961,20356.5,19584.40039,20267.94922,20267.94922,325400
24-04-2020,19697.65039,19950.15039,19515.40039,19586.65039,19586.65039,305700
27-04-2020,19870.80078,20224.75,19847.65039,20081.15039,20081.15039,299900
28-04-2020,20436.59961,20751.30078,20260.80078,20671.09961,20671.09961,367800
29-04-2020,20440.40039,21348.15039,20393.65039,21090.19922,21090.19922,400600
30-04-2020,21589.19922,21967,21353.65039,21534.5,21534.5,471500
04-05-2020,20514.75,20530.44922,19643.59961,19743.75,19743.75,328800
05-05-2020,20147.30078,20223.15039,19212.34961,19271.75,19271.75,381300
06-05-2020,19302.44922,19806.59961,18941,19694.55078,19694.55078,395600
07-05-2020,19536.05078,19757.25,19332.15039,19491.80078,19491.80078,300100
08-05-2020,19844,19969.59961,19285.05078,19352.90039,19352.90039,0
11-05-2020,19610.44922,19733.40039,18900.90039,18950.5,18950.5,342600
12-05-2020,18751.40039,18993.40039,18287,18862.84961,18862.84961,395400
13-05-2020,20017.75,20122.25,19429.90039,19634.94922,19634.94922,520800
14-05-2020,19197.69922,19380.09961,19024.75,19068.5,19068.5,333000
15-05-2020,19098.80078,19119.09961,18683.65039,18833.94922,18833.94922,240600
18-05-2020,18795.09961,18795.09961,17514.19922,17573.19922,17573.19922,434800
19-05-2020,18037.15039,18175.30078,17390.65039,17486.25,17486.25,415500
20-05-2020,17486.5,18002.65039,17407.69922,17840.19922,17840.19922,326200
21-05-2020,17901.94922,18200.69922,17658.55078,17735.09961,17735.09961,347600
22-05-2020,17554.25,17952.25,17105,17278.90039,17278.90039,484800
26-05-2020,17537.65039,17681.69922,17311.25,17440.34961,17440.34961,336800
27-05-2020,17603.40039,18874.25,17560.34961,18710.55078,18710.55078,538000
28-05-2020,18924.44922,19455.55078,18818.94922,19169.80078,19169.80078,561100
29-05-2020,18962,19358.05078,18729.90039,19297.25,19297.25,581700
01-06-2020,19728.90039,20225.34961,19632.90039,19959.90039,19959.90039,558100
02-06-2020,20120.59961,20615.75,19852.55078,20530.19922,20530.19922,448300
03-06-2020,20966.59961,21619.55078,20822,20940.69922,20940.69922,616900
04-06-2020,20932.34961,21141.80078,20316.19922,20390.44922,20390.44922,587900
05-06-2020,20516.40039,21198.69922,20425.05078,21034.5,21034.5,637400
08-06-2020,21636.09961,21807.40039,20911.25,21187.34961,21187.34961,748100
09-06-2020,21295.5,21568.84961,20629.69922,20724.90039,20724.90039,641200
10-06-2020,20760.94922,21251.44922,20671.55078,21100.09961,21100.09961,583000
11-06-2020,21084.69922,21244.44922,20458.30078,20525.15039,20525.15039,747100
12-06-2020,19529.30078,20747.69922,19526.09961,20654.55078,20654.55078,599200
15-06-2020,20457.15039,20470.84961,19740.19922,19912.90039,19912.90039,0
16-06-2020,20500.65039,20638.84961,19507.05078,20296.69922,20296.69922,0
17-06-2020,20137.44922,20627.90039,19978.15039,20201.75,20201.75,0
18-06-2020,20137.59961,21028.34961,20030.34961,20956.30078,20956.30078,0
19-06-2020,20970.09961,21467.65039,20878.25,21338.09961,21338.09961,0
22-06-2020,21491.55078,22078.25,21425.55078,21708.34961,21708.34961,664600
23-06-2020,21859.25,22322.30078,21647.80078,22264.90039,22264.90039,527900
24-06-2020,22479.34961,22479.55078,21336.34961,21426.80078,21426.80078,684600
25-06-2020,21218.05078,21703.5,20926.44922,21506.15039,21506.15039,586200
26-06-2020,21735.05078,21784.65039,21320.09961,21592.05078,21592.05078,375600
29-06-2020,21291.55078,21440.05078,21026.44922,21359,21359,328000
30-06-2020,21524.30078,21650.5,21212,21370.15039,21370.15039,292700
01-07-2020,21354.09961,22061.59961,21281.84961,21977.59961,21977.59961,386000
02-07-2020,22133.80078,22344.84961,21890.5,21953.19922,21953.19922,399000
03-07-2020,22101.75,22130.30078,21768,21852.40039,21852.40039,256200
06-07-2020,22270.94922,22399.25,22171.05078,22198.94922,22198.94922,290900
07-07-2020,22254.30078,22674.5,22040.34961,22628,22628,455800
08-07-2020,22700.90039,23080.59961,22499.5,22584.65039,22584.65039,673100
09-07-2020,22753.15039,22998.30078,22673.40039,22907.19922,22907.19922,356000
10-07-2020,22720.94922,22835.19922,22320.05078,22398.44922,22398.44922,457100
13-07-2020,22613.25,22657.40039,21981.65039,22089.25,22089.25,293700
14-07-2020,21877.59961,21909.69922,21222.44922,21392.19922,21392.19922,338500
15-07-2020,21634.25,21935.5,21230.55078,21340.75,21340.75,359100
16-07-2020,21453.25,21671.25,21027.84961,21597.15039,21597.15039,348600
17-07-2020,21608.05078,22065,21550.80078,21966.80078,21966.80078,294900
20-07-2020,22307.30078,22520.44922,22187.80078,22321.84961,22321.84961,349700
21-07-2020,22639.84961,22861.90039,22597.94922,22782,22782,316700
22-07-2020,23159,23211.34961,22658.19922,22882.59961,22882.59961,412700
23-07-2020,22854.84961,23122.34961,22734.90039,23083.90039,23083.90039,307600
24-07-2020,22853.19922,22854.05078,22417.19922,22662.05078,22662.05078,436300
27-07-2020,22664.59961,22668.05078,21801.34961,21848.75,21848.75,340900
28-07-2020,21940.15039,22233,21611.40039,22105.19922,22105.19922,379800
29-07-2020,22075,22346.40039,21906.34961,22076.59961,22076.59961,400400
30-07-2020,22195.05078,22252.59961,21580.15039,21646.84961,21646.84961,299600
31-07-2020,21730.55078,21806.94922,21375,21640.05078,21640.05078,397300
03-08-2020,21543.80078,21543.80078,21031.44922,21072.09961,21072.09961,431000
04-08-2020,21248.25,21576.34961,21057.75,21490.5,21490.5,0
05-08-2020,21686.84961,21936.5,21448.40039,21509.94922,21509.94922,338800
06-08-2020,21644.25,21926.55078,21370.30078,21642.59961,21642.59961,386600
07-08-2020,21620.25,21787.25,21451.30078,21754,21754,378600
10-08-2020,21824.90039,22071.94922,21795.09961,21900.25,21900.25,261800
11-08-2020,22050.19922,22277.59961,22039.84961,22227.19922,22227.19922,377900
12-08-2020,22135.94922,22326.55078,21990.19922,22264,22264,507500
13-08-2020,22395.19922,22439.94922,22139.59961,22196.34961,22196.34961,289100
14-08-2020,22334.94922,22334.94922,21459.09961,21679.40039,21679.40039,318800
17-08-2020,21906.94922,21909.40039,21403.15039,21700.84961,21700.84961,263400
18-08-2020,21702,22227.75,21629.40039,22170.59961,22170.59961,0
19-08-2020,22315.40039,22419.34961,22234.25,22285.90039,22285.90039,0
20-08-2020,21989.90039,22079.90039,21886.69922,21999.44922,21999.44922,0
21-08-2020,22190.69922,22344.05078,22165.05078,22299.59961,22299.59961,0
24-08-2020,22436.84961,22897.5,22410.05078,22833,22833,0
25-08-2020,22973.40039,23180.30078,22857.90039,23092.15039,23092.15039,0
26-08-2020,23175.55078,23453.40039,23093.15039,23414.19922,23414.19922,0
27-08-2020,23511.44922,23704.05078,23464.15039,23600.34961,23600.34961,0
28-08-2020,23635.30078,24611.80078,23599.19922,24523.80078,24523.80078,0
31-08-2020,25038.80078,25232.59961,23385.30078,23754.34961,23754.34961,0
01-09-2020,23893.80078,24199.65039,23473.15039,23812,23812,0
02-09-2020,23769,23926.15039,23482.55078,23874.55078,23874.55078,0
03-09-2020,23986.15039,24051.59961,23451.65039,23530.84961,23530.84961,0
04-09-2020,23119.15039,23394.80078,22876.90039,23011.5,23011.5,0
07-09-2020,23036.25,23109.09961,22716.25,22945.05078,22945.05078,245300
08-09-2020,22971.19922,23064.15039,22641.40039,22744.40039,22744.40039,0
09-09-2020,22486.69922,22554.59961,22080.40039,22267,22267,0
10-09-2020,22466.55078,22678.65039,22225.25,22466.19922,22466.19922,0
11-09-2020,22509.94922,22668.75,22205.94922,22479.94922,22479.94922,0
14-09-2020,22683.34961,22757.30078,22028.15039,22101.25,22101.25,0
15-09-2020,22202.80078,22514.15039,22062.34961,22465.65039,22465.65039,0
16-09-2020,22476.30078,22659.40039,22216.5,22573.55078,22573.55078,0
17-09-2020,22352,22504.44922,22267.05078,22320.34961,22320.34961,0
18-09-2020,22439.34961,22469.40039,21784.90039,22031.05078,22031.05078,0
21-09-2020,21983.40039,22098.84961,21274.30078,21366.80078,21366.80078,0
22-09-2020,21445.25,21473.34961,20958.44922,21139.09961,21139.09961,0
23-09-2020,21350.80078,21365.05078,20821,21178.5,21178.5,0
24-09-2020,20898.80078,20955.59961,20404.90039,20456.84961,20456.84961,0
25-09-2020,20740.80078,21064.30078,20430.69922,20982.34961,20982.34961,0
28-09-2020,21152.05078,21708.84961,21055.09961,21665.5,21665.5,0
29-09-2020,21770.90039,21811.5,21280.59961,21411.30078,21411.30078,0
30-09-2020,21405.25,21549.34961,21128.5,21451.80078,21451.80078,0
01-10-2020,21685.25,22293.75,21664.15039,22246,22246,0
05-10-2020,22352.09961,22768.55078,22247.25,22370.94922,22370.94922,0
06-10-2020,22673.05078,22893.5,22521.05078,22853.69922,22853.69922,0
07-10-2020,22836.94922,23036.19922,22607.80078,22964.80078,22964.80078,0
08-10-2020,23150.25,23450.90039,23063.59961,23191.34961,23191.34961,0
09-10-2020,23312.59961,23904.09961,23132.44922,23846.80078,23846.80078,0
12-10-2020,23955.59961,24190.34961,23552.59961,23712.80078,23712.80078,0
13-10-2020,23663.05078,23775.15039,23431.5,23492.19922,23492.19922,0
14-10-2020,23353.15039,23962.69922,23149.44922,23874.65039,23874.65039,0
15-10-2020,23920.34961,24087.84961,22970.94922,23072.40039,23072.40039,0
16-10-2020,23219.84961,23646.19922,23148.94922,23533.25,23533.25,0
19-10-2020,23902.90039,24320.94922,23754.84961,24266.75,24266.75,0
20-10-2020,24117.34961,24410.90039,24039.84961,24311.80078,24311.80078,0
21-10-2020,24444.19922,24823.59961,24099.84961,24635.05078,24635.05078,0
22-10-2020,24447.34961,24691.15039,24250.19922,24484.15039,24484.15039,0
23-10-2020,24669.19922,24764.15039,24360.84961,24478.30078,24478.30078,0
26-10-2020,24525.80078,24577.30078,23867.75,24075.44922,24075.44922,0
27-10-2020,24288.05078,24809.65039,23924.19922,24769.5,24769.5,0
28-10-2020,24737.84961,24780.69922,24057.94922,24232.5,24232.5,0
29-10-2020,24063.5,24339.09961,23822.05078,24092,24092,0
30-10-2020,24090.15039,24277.34961,23612.69922,23900.90039,23900.90039,0
02-11-2020,24367.59961,25139,24120.59961,24892.5,24892.5,0
03-11-2020,25108,25760.69922,25085.69922,25682.80078,25682.80078,0
04-11-2020,25539.55078,25891,25142,25771.59961,25771.59961,0
05-11-2020,26174.80078,26375.19922,26000.05078,26313.09961,26313.09961,0
06-11-2020,26274.09961,26853.44922,26135.30078,26798.94922,26798.94922,0
09-11-2020,27088.94922,27595,27068.94922,27534.09961,27534.09961,0
10-11-2020,28039.44922,28802.5,27916.90039,28606,28606,0
11-11-2020,28713.15039,29030.90039,28211.09961,28845,28845,0
12-11-2020,28633.75,28672.90039,28066.05078,28278.80078,28278.80078,0
13-11-2020,28108.69922,28520.55078,27703.30078,28465.69922,28465.69922,0
14-11-2020,null,null,null,null,null,null
17-11-2020,28792.25,29239.25,28722.90039,29181.30078,29181.30078,0
18-11-2020,29107.90039,29784.75,29056.75,29749.84961,29749.84961,0
19-11-2020,29302.59961,29627.19922,28819.55078,28903.05078,28903.05078,0
20-11-2020,28935.75,29406.69922,28580.90039,29236,29236,0
23-11-2020,29432.80078,29492.30078,28852.90039,29024.19922,29024.19922,0
24-11-2020,29265.59961,29827.80078,29206.75,29737.25,29737.25,0
25-11-2020,30021.90039,30197.84961,29132.30078,29196.40039,29196.40039,0
26-11-2020,29370.40039,29623,28923.09961,29549.75,29549.75,369400
27-11-2020,29622,29716.84961,29368.69922,29609.05078,29609.05078,0
01-12-2020,29844.80078,29919.75,29511,29817.84961,29817.84961,0
02-12-2020,29876.69922,29886.25,29149.90039,29463.15039,29463.15039,0
03-12-2020,29728.90039,29813,29379.40039,29448.75,29448.75,0
04-12-2020,29573.40039,30162.30078,29473.5,30052.40039,30052.40039,0
07-12-2020,30062.59961,30354.19922,29950.59961,30211.55078,30211.55078,0
08-12-2020,30300.30078,30363.80078,30025.19922,30261.90039,30261.90039,0
09-12-2020,30335.05078,30807.25,30326.69922,30709.40039,30709.40039,0
10-12-2020,30545.34961,30610,30202.09961,30510.34961,30510.34961,0
11-12-2020,30555.30078,30811.80078,30328.44922,30604.84961,30604.84961,0
14-12-2020,30735.15039,30845.80078,30624.25,30745.90039,30745.90039,269000
15-12-2020,30805.40039,30805.84961,30345.75,30691.05078,30691.05078,279400
16-12-2020,30920.34961,30932.25,30587.09961,30698.40039,30698.40039,0
17-12-2020,30791.19922,30945.19922,30643.90039,30847.05078,30847.05078,0
18-12-2020,30841.84961,30854.05078,30374.5,30714.65039,30714.65039,0
21-12-2020,30595.80078,30607.5,29201.19922,29456.44922,29456.44922,0
22-12-2020,29607.5,29711.15039,28976.75,29625.94922,29625.94922,0
23-12-2020,29560.75,29941.40039,29446,29883.30078,29883.30078,0
24-12-2020,30071.65039,30545.84961,30007.80078,30402.19922,30402.19922,0
28-12-2020,30558.84961,30929.05078,30538.15039,30880.94922,30880.94922,0
29-12-2020,31006.90039,31359.34961,31002.59961,31322.5,31322.5,0
30-12-2020,31479.80078,31510.25,31007.15039,31303.05078,31303.05078,0
31-12-2020,31295.90039,31409.5,31088.09961,31264.05078,31264.05078,0
01-01-2021,null,null,null,null,null,null
04-01-2021,31485.15039,31489.59961,30893.65039,31212.44922,31212.44922,0
05-01-2021,31041.09961,31767.65039,30935.55078,31722.25,31722.25,0
06-01-2021,31839.94922,31982.30078,31548.15039,31797.90039,31797.90039,0
07-01-2021,32129.80078,32177.40039,31911.5,31956,31956,0
08-01-2021,32298.05078,32298.05078,32002.94922,32084.19922,32084.19922,0
11-01-2021,32280.30078,32288.44922,31836.94922,31998.90039,31998.90039,0
12-01-2021,31835.05078,32397.94922,31725.84961,32339,32339,0
13-01-2021,32546.59961,32683.5,32148.25,32574.65039,32574.65039,0
14-01-2021,32526.69922,32718.94922,32442.34961,32519.75,32519.75,0
15-01-2021,32508.90039,32544.80078,32044.34961,32246.80078,32246.80078,0
18-01-2021,32275.15039,32441.5,31650.90039,31811.75,31811.75,396800
19-01-2021,32082.90039,32464.94922,31863.94922,32424.84961,32424.84961,354800
20-01-2021,32388.94922,32607.44922,32322.90039,32543.69922,32543.69922,0
21-01-2021,32732.80078,32842.30078,31985.55078,32186.90039,32186.90039,0
22-01-2021,32088,32131.40039,31119.90039,31167.25,31167.25,0
25-01-2021,31507.15039,31697.55078,31013.65039,31198.40039,31198.40039,0
27-01-2021,31236.25,31287.05078,30165.65039,30284.55078,30284.55078,0
28-01-2021,29812.30078,30464.40039,29687.69922,30358.30078,30358.30078,0
29-01-2021,30700.65039,31111.94922,30254.55078,30565.5,30565.5,0
01-02-2021,30976.34961,33305.30078,30906.44922,33089.05078,33089.05078,0
02-02-2021,33589.05078,34652.5,33583.14844,34267.89844,34267.89844,672200
03-02-2021,34555.60156,34908.05078,34011.89844,34758.44922,34758.44922,605200
04-02-2021,34548.89844,35413.14844,34238.89844,35344.80078,35344.80078,0
05-02-2021,35634.94922,36615.19922,35545,35654.5,35654.5,0
08-02-2021,36073.85156,36466.44922,35872.25,35983.64844,35983.64844,0
09-02-2021,36058.80078,36477.14844,35636.85156,36056.5,36056.5,0
10-02-2021,36042.35156,36227.19922,35428.14844,35783.10156,35783.10156,0
11-02-2021,35687.25,36009.44922,35573.30078,35752.10156,35752.10156,0
12-02-2021,35736.60156,36322.80078,35700.25,36108.89844,36108.89844,0
15-02-2021,36501.39844,37449.89844,36405.10156,37306.25,37306.25,0
16-02-2021,37492.60156,37708.75,36762.75,37098.39844,37098.39844,0
17-02-2021,37041.94922,37331.44922,36764.25,36910.94922,36910.94922,0
18-02-2021,37088.75,37108.75,36367.44922,36587,36587,0
19-02-2021,36371.55078,36656.19922,35584.60156,35841.60156,35841.60156,0
22-02-2021,35874.30078,36128.89844,35097.55078,35257.19922,35257.19922,0
23-02-2021,35540.55078,35680.85156,34976,35116.94922,35116.94922,0
24-02-2021,35205.39844,36567.64844,35060.64844,36452.30078,36452.30078,272900
25-02-2021,36763.14844,37232.19922,36494,36549,36549,455900
26-02-2021,35806.64844,35902.89844,34658.69922,34803.60156,34803.60156,0
01-03-2021,35374.25,35581.10156,34983.75,35296,35296,0
02-03-2021,35458.14844,35747.05078,35002.44922,35419.69922,35419.69922,0
03-03-2021,35754.44922,36455.14844,35570.55078,36368.05078,36368.05078,0
04-03-2021,35575.64844,36316.39844,35519.25,35802.5,35802.5,0
05-03-2021,35458.5,35616.05078,34893.25,35228.14844,35228.14844,0
08-03-2021,35462.44922,35827.30078,35090.75,35275.75,35275.75,0
09-03-2021,35705.89844,36077.80078,35544.94922,35865.64844,35865.64844,0
10-03-2021,36112.25,36176.89844,35764.35156,35938.30078,35938.30078,0
12-03-2021,36497.35156,36497.35156,35188.05078,35496.64844,35496.64844,0
15-03-2021,35544.25,35544.25,34430.64844,35182.55078,35182.55078,0
16-03-2021,35352,35405.05078,34744.60156,34804.60156,34804.60156,0
17-03-2021,34905.05078,35100.5,34126.85156,34229.25,34229.25,0
18-03-2021,34577.5,34759.85156,33597.55078,33856.80078,33856.80078,0
19-03-2021,33590.39844,34355.39844,33361,34161.60156,34161.60156,0
22-03-2021,34088.39844,34148.89844,33389.14844,33603.44922,33603.44922,0
23-03-2021,33747.94922,34360.05078,33622,34184.39844,34184.39844,0
24-03-2021,33894.69922,33970.64844,33203.39844,33293.25,33293.25,0
25-03-2021,33420.75,33550.14844,32415.25,33006.44922,33006.44922,0
26-03-2021,33605.05078,33610.64844,33166.10156,33318.19922,33318.19922,0
30-03-2021,33615.89844,33990.80078,33564.55078,33875.10156,33875.10156,374200
31-03-2021,33764.80078,33773.10156,33151.80078,33303.89844,33303.89844,0
01-04-2021,33588,33949.14844,33208.75,33858,33858,0
05-04-2021,33649.14844,33697.75,32330.15039,32678.84961,32678.84961,0
06-04-2021,32915.64844,33007.64844,32338.40039,32501.34961,32501.34961,0
07-04-2021,32529.69922,33191.69922,32141.55078,32991.19922,32991.19922,0
08-04-2021,33154.19922,33306.80078,32704.75,32782.85156,32782.85156,0
09-04-2021,32636.90039,32972.14844,32329.94922,32448.05078,32448.05078,0
12-04-2021,31637.90039,31698.05078,30520.30078,30792,30792,0
13-04-2021,30901.80078,31885.44922,30722.84961,31771.59961,31771.59961,0
15-04-2021,31929.09961,32187.05078,31406.40039,32112.84961,32112.84961,0
16-04-2021,32161.44922,32325.15039,31911.90039,31977.44922,31977.44922,0
19-04-2021,30993.44922,31304.30078,30405.65039,31208.40039,31208.40039,0
20-04-2021,31568.94922,31731.65039,30891,31112.69922,31112.69922,0
22-04-2021,30763.5,31834.5,30555.25,31782.59961,31782.59961,368400
23-04-2021,31490.59961,32148.40039,31377.15039,31722.30078,31722.30078,0
26-04-2021,32316.65039,32603.69922,32144.80078,32275.15039,32275.15039,0
27-04-2021,32228.94922,32807.10156,32152.94922,32735.34961,32735.34961,0
28-04-2021,32865.5,33777.69922,32840.30078,33722.80078,33722.80078,0
29-04-2021,33901.60156,34287,33304.60156,33714.5,33714.5,0
30-04-2021,33112.39844,33455.25,32663.40039,32781.80078,32781.80078,0
03-05-2021,32368.55078,32566.59961,31906.55078,32465.75,32465.75,351000
04-05-2021,32610.40039,33011.55078,32191.40039,32270.34961,32270.34961,786800
05-05-2021,32577.09961,32862.14844,32068.55078,32783.69922,32783.69922,0
06-05-2021,32900.75,32956.35156,32564,32827.80078,32827.80078,0
07-05-2021,33041.64844,33259.14844,32771.35156,32904.5,32904.5,0
10-05-2021,33175.30078,33297.60156,33028.14844,33142.39844,33142.39844,0
11-05-2021,32640.94922,33154.30078,32611.69922,32872.19922,32872.19922,0
12-05-2021,32717.65039,32747.69922,32352.30078,32452.30078,32452.30078,0
14-05-2021,32495.15039,32622.65039,32115.5,32169.55078,32169.55078,0
17-05-2021,32437.84961,33506.89844,32318.69922,33459.25,33459.25,0
18-05-2021,33893.10156,34142.85156,33730.44922,33922.39844,33922.39844,0
19-05-2021,33717.10156,33959.30078,33608.25,33685.19922,33685.19922,0
20-05-2021,33692.55078,33833.69922,33273.94922,33334.55078,33334.55078,0
21-05-2021,33559.80078,34694.44922,33559.75,34606.89844,34606.89844,0
24-05-2021,34869.30078,35216.10156,34528.30078,34943.60156,34943.60156,0
25-05-2021,35095,35125.85156,34410.39844,34662,34662,0
26-05-2021,34757.14844,34897.94922,34462.5,34684.19922,34684.19922,0
27-05-2021,34664.19922,35220.80078,34529.69922,35095.05078,35095.05078,0
28-05-2021,35345.64844,35436.64844,34977.19922,35141.44922,35141.44922,0
31-05-2021,35097.44922,35584.30078,34930.10156,35526.64844,35526.64844,0
01-06-2021,35639.75,35713.89844,35241.19922,35337.19922,35337.19922,0
02-06-2021,35271.60156,35415.85156,35070.30078,35373.75,35373.75,0
03-06-2021,35536.44922,35723.69922,35413,35649,35649,0
04-06-2021,35657.85156,35810.89844,35176.14844,35291.64844,35291.64844,0
07-06-2021,35460.80078,35545.85156,35338.55078,35443.64844,35443.64844,0
08-06-2021,35433.80078,35449.5,34962.64844,35085.30078,35085.30078,0
09-06-2021,35114.25,35402.44922,34641.19922,34800.5,34800.5,0
10-06-2021,34903.60156,35165.64844,34734.39844,35131.19922,35131.19922,0
11-06-2021,35324.64844,35344,34891.30078,35047.39844,35047.39844,0
14-06-2021,34936.55078,34995.14844,34374.35156,34950.60156,34950.60156,0
15-06-2021,35038.05078,35317.39844,34917.89844,35247.75,35247.75,0
16-06-2021,35196.25,35380,34916.19922,35003.5,35003.5,0
17-06-2021,34619.80078,34882.39844,34458.10156,34605.39844,34605.39844,0
18-06-2021,34735.14844,34787.39844,33908.94922,34558,34558,0
21-06-2021,34109.44922,34927.64844,33937.5,34871.30078,34871.30078,0
22-06-2021,35084.89844,35281.89844,34664.35156,34745,34745,0
23-06-2021,34911.85156,34937.64844,34525.44922,34574,34574,0
24-06-2021,34687.69922,34935.30078,34592.35156,34827,34827,0
25-06-2021,34916.64844,35491.94922,34915.85156,35364.64844,35364.64844,0
28-06-2021,35488.19922,35576.94922,35236.44922,35359.44922,35359.44922,0
29-06-2021,35320.44922,35337.44922,34913.69922,35010.30078,35010.30078,0
30-06-2021,35001.89844,35214.89844,34730.44922,34772.19922,34772.19922,0
01-07-2021,34866,34917.64844,34650.94922,34684,34684,164000
02-07-2021,34728.10156,34894.44922,34632.60156,34809.89844,34809.89844,165600
05-07-2021,35010.94922,35234.30078,34926.39844,35212,35212,0
06-07-2021,35173.60156,35807.44922,35165.55078,35579.14844,35579.14844,0
07-07-2021,35550.60156,35795.75,35427.64844,35771.30078,35771.30078,0
08-07-2021,35603.25,35811,35134.64844,35274.10156,35274.10156,0
09-07-2021,35163.75,35225.19922,34859.89844,35071.94922,35071.94922,0
12-07-2021,35285.05078,35394.30078,35060.35156,35198.89844,35198.89844,0
13-07-2021,35480.05078,35727.85156,35340.69922,35673.39844,35673.39844,0
14-07-2021,35585.85156,35804.05078,35434.75,35668.25,35668.25,0
15-07-2021,35757.44922,35985.25,35625.69922,35907.64844,35907.64844,0
16-07-2021,35977.94922,35977.94922,35674.75,35751.80078,35751.80078,0
19-07-2021,35070.5,35347.05078,34899.19922,35079.19922,35079.19922,0
20-07-2021,34791.14844,34894.14844,34357.35156,34415.44922,34415.44922,0
22-07-2021,34774.55078,34989.10156,34557.85156,34677.30078,34677.30078,0
23-07-2021,34748.35156,35088,34404.75,35034.39844,35034.39844,0
26-07-2021,34947.85156,35138.19922,34669.55078,34949.69922,34949.69922,0
27-07-2021,35029.30078,35186.10156,34713.55078,34797.44922,34797.44922,0
28-07-2021,34839.44922,34841.55078,34115.19922,34532.89844,34532.89844,0
29-07-2021,34740.30078,34778.14844,34495.19922,34691.5,34691.5,0
30-07-2021,34698.75,34738.75,34445.39844,34584.35156,34584.35156,0
02-08-2021,34760.89844,34861.75,34588.25,34710,34710,0
03-08-2021,34660.75,35238.44922,34649.19922,35207.44922,35207.44922,0
04-08-2021,35388.14844,36219.80078,35313,36028.05078,36028.05078,0
05-08-2021,36093.94922,36115.44922,35661.30078,35834.75,35834.75,0
06-08-2021,35875.80078,36080.10156,35700.44922,35809.25,35809.25,0
09-08-2021,35824.19922,36159.85156,35612.30078,36028.94922,36028.94922,0
10-08-2021,35954.55078,36317,35890.5,36034.10156,36034.10156,201200
11-08-2021,36218.25,36227.55078,35531.35156,35806.39844,35806.39844,200200
12-08-2021,35825.39844,35998.14844,35702.89844,35937.05078,35937.05078,122300
13-08-2021,36000.75,36233.30078,35937.10156,36169.35156,36169.35156,125800
16-08-2021,36100.64844,36261.55078,36032.39844,36094.5,36094.5,87300
17-08-2021,35935.05078,35993.69922,35611.85156,35867.44922,35867.44922,118300
18-08-2021,36222.5,36248.89844,35432,35554.5,35554.5,140500
20-08-2021,35146.5,35306.5,34926.5,35033.85156,35033.85156,181200
23-08-2021,35424.19922,35427.39844,34817.5,35124.39844,35124.39844,174200
24-08-2021,35200.75,35795.30078,35070,35712.10156,35712.10156,173600
25-08-2021,35768.85156,35910.30078,35499.64844,35586.25,35586.25,144300
26-08-2021,35485.94922,35785.80078,35411.80078,35617.55078,35617.55078,136400
27-08-2021,35559.75,35727.89844,35359.25,35627.80078,35627.80078,120900
30-08-2021,35781.05078,36398.44922,35721.89844,36347.64844,36347.64844,150400
31-08-2021,36367.39844,36552.80078,36216.19922,36424.60156,36424.60156,210300
01-09-2021,36591.44922,36997.69922,36487.14844,36574.30078,36574.30078,181500
02-09-2021,36588.39844,36895.55078,36469,36831.30078,36831.30078,118900
03-09-2021,36883.64844,37140,36563.19922,36761.14844,36761.14844,155600
06-09-2021,36878.25,36923.64844,36554.44922,36592.35156,36592.35156,88600
07-09-2021,36558.85156,36685.85156,36151.94922,36468.80078,36468.80078,124500
08-09-2021,36519.69922,36855.89844,36393.60156,36768.19922,36768.19922,175800
09-09-2021,36725.5,36857.19922,36566.69922,36683.19922,36683.19922,83600
13-09-2021,36608.44922,36724.85156,36327.05078,36471.80078,36471.80078,82200
14-09-2021,36639.94922,36756,36529.64844,36613.05078,36613.05078,109300
15-09-2021,36543.55078,36949.69922,36496.05078,36852.25,36852.25,177900
16-09-2021,36946,37720.14844,36907.75,37668.60156,37668.60156,423100
17-09-2021,37929.5,38112.75,37396.05078,37811.94922,37811.94922,335100
20-09-2021,37388.19922,37802.75,37068.44922,37145.69922,37145.69922,152000
21-09-2021,37238.39844,37340.69922,36525.94922,37235.85156,37235.85156,154000
22-09-2021,37277.10156,37328.60156,36885.60156,36944.64844,36944.64844,106400
23-09-2021,37241.25,37830.75,37216.14844,37771.69922,37771.69922,139100
24-09-2021,37954,38112.60156,37680,37830.30078,37830.30078,138400
27-09-2021,38054.75,38355.19922,37968.19922,38171.25,38171.25,113000
28-09-2021,38360,38377.25,37315.19922,37945,37945,201000
29-09-2021,37601.10156,37923.44922,37371.05078,37743,37743,260500
30-09-2021,37677.80078,37884.85156,37354.25,37425.10156,37425.10156,235100
01-10-2021,37140.39844,37299.39844,36876.35156,37225.89844,37225.89844,189200
04-10-2021,37392.14844,37670.69922,37355.60156,37579.64844,37579.64844,146400
05-10-2021,37499.80078,37786.60156,37364.75,37741,37741,153100
06-10-2021,37768.80078,38106.85156,37452,37521.55078,37521.55078,204200
07-10-2021,37894,37923.64844,37650.25,37753.19922,37753.19922,136400
08-10-2021,37906.39844,38105.19922,37674.35156,37775.25,37775.25,168200
11-10-2021,37782.75,38495.30078,37744.64844,38293.80078,38293.80078,136100
12-10-2021,38178.35156,38609.60156,38144.60156,38521.5,38521.5,201300
13-10-2021,38735.30078,38779.05078,38502.69922,38635.75,38635.75,205900
14-10-2021,38684.64844,39375.05078,38673,39340.89844,39340.89844,249600
18-10-2021,39794.25,39947.60156,39569.55078,39684.80078,39684.80078,580000
19-10-2021,39927.30078,40011.14844,39394.25,39540.5,39540.5,274900
20-10-2021,39545.44922,39774.55078,39292.80078,39518.19922,39518.19922,236900
21-10-2021,39676.55078,40200.44922,39428.10156,40030.19922,40030.19922,271300
22-10-2021,40192.64844,40587.35156,40149.55078,40323.64844,40323.64844,370500
25-10-2021,40961.25,41829.60156,40508.10156,41192.39844,41192.39844,476800
26-10-2021,41057.75,41367.25,40829.14844,41238.30078,41238.30078,437100
27-10-2021,41234.55078,41347,40750,40874.35156,40874.35156,322800
28-10-2021,40915.14844,40931.05078,39350.19922,39508.94922,39508.94922,512700
29-10-2021,39424.55078,39775.25,38426.64844,39115.60156,39115.60156,341300
01-11-2021,39432.14844,39862.60156,39120.64844,39763.75,39763.75,203200
02-11-2021,39796.89844,40107.60156,39590.69922,39938.44922,39938.44922,265000
03-11-2021,40040.64844,40160.19922,39304.85156,39402.05078,39402.05078,267500
04-11-2021,39669.10156,39734.69922,39514.14844,39573.69922,39573.69922,38800
08-11-2021,39674.05078,39674.05078,38932.14844,39438.25,39438.25,212900
09-11-2021,39517.85156,39560.60156,39223.39844,39368.80078,39368.80078,203500
10-11-2021,39206.19922,39220.30078,38873.80078,39023.25,39023.25,167900
11-11-2021,38913.05078,38929.94922,38346.05078,38560.19922,38560.19922,146000
12-11-2021,38707.14844,38822.85156,38467.80078,38733.35156,38733.35156,136000
15-11-2021,38849.44922,39117.14844,38606.60156,38702.35156,38702.35156,112300
16-11-2021,38710.89844,38724.69922,38211.10156,38307.10156,38307.10156,129100
17-11-2021,38113.39844,38456.30078,37981.19922,38041.55078,38041.55078,139300
18-11-2021,38071.89844,38233.94922,37748.44922,37976.25,37976.25,238700
22-11-2021,38232.14844,38241,36655.39844,37128.80078,37128.80078,209500
23-11-2021,36787,37448.75,36647.55078,37272.80078,37272.80078,188700
24-11-2021,37384.75,37891.89844,37238.05078,37441.94922,37441.94922,157600
25-11-2021,37362.05078,37507.94922,37118.39844,37364.75,37364.75,140800
26-11-2021,36830.89844,36868.89844,35904.10156,36025.5,36025.5,211400
29-11-2021,36224.44922,36347.85156,35327.89844,35976.44922,35976.44922,187200
30-11-2021,35958.80078,36774.19922,35526.35156,35695.30078,35695.30078,227300
01-12-2021,35902.89844,36445.35156,35805,36364.89844,36364.89844,173900
02-12-2021,36281.85156,36563.5,36166.69922,36508.25,36508.25,131700
03-12-2021,36497.30078,36844,36062.85156,36197.14844,36197.14844,138900
06-12-2021,36252.75,36344.55078,35696.75,35735.89844,35735.89844,136000
07-12-2021,36086.94922,36820.69922,36013.94922,36618.39844,36618.39844,146700
08-12-2021,37052.75,37384.80078,36905.14844,37284.69922,37284.69922,165000
09-12-2021,37331.75,37397.55078,36884.44922,37082.44922,37082.44922,123200
10-12-2021,37083.14844,37153.25,36824.39844,37105.64844,37105.64844,170900
13-12-2021,37358.19922,37581.05078,36861.89844,36925.25,36925.25,157300
14-12-2021,36778.94922,37039.05078,36545.39844,36893.94922,36893.94922,132200
15-12-2021,36929.5,37083.5,36743.19922,36789.55078,36789.55078,105800
16-12-2021,37092.94922,37159.30078,36385.75,36548.64844,36548.64844,112700
17-12-2021,36491.80078,36550.75,35535.05078,35618.64844,35618.64844,152100
20-12-2021,35124.35156,35231.10156,34018.44922,34439.85156,34439.85156,200100
21-12-2021,34863.35156,35050,34389.94922,34607.85156,34607.85156,159600
22-12-2021,34865.25,35112.10156,34687.60156,35029.5,35029.5,128600
23-12-2021,35350.5,35477.30078,35046.25,35191.14844,35191.14844,114200
24-12-2021,35282.19922,35327.94922,34583.39844,34857.05078,34857.05078,132500
27-12-2021,34573.64844,35143.69922,34233,35057.89844,35057.89844,335100
28-12-2021,35308.30078,35352.39844,35037.89844,35183.80078,35183.80078,181600
29-12-2021,35168.85156,35378.30078,34890.80078,35045.39844,35045.39844,122500
30-12-2021,34977.64844,35179.05078,34751.25,35063.60156,35063.60156,328000
31-12-2021,35114.39844,35596.94922,35113.75,35481.69922,35481.69922,210300
03-01-2022,35585.19922,36492.10156,35526.60156,36421.89844,36421.89844,219000
04-01-2022,36551.25,36887.80078,36374.39844,36840.14844,36840.14844,190500
05-01-2022,36943.55078,37862.39844,36756.35156,37695.89844,37695.89844,237400
06-01-2022,37242.55078,37752.5,37058.44922,37490.25,37490.25,199000
07-01-2022,37667.05078,38134.85156,37427.80078,37739.60156,37739.60156,183300
10-01-2022,37930.55078,38400.35156,37929.35156,38347.89844,38347.89844,206500
11-01-2022,38370,38504.60156,38031.75,38442.19922,38442.19922,159500
12-01-2022,38719.60156,38851.44922,38604.60156,38727.55078,38727.55078,156100
13-01-2022,38717.55078,38717.55078,38376.14844,38469.94922,38469.94922,159200
14-01-2022,38302.35156,38448.05078,38007.75,38370.39844,38370.39844,148600
17-01-2022,38212.55078,38617.5,38138.25,38216.14844,38216.14844,140300
18-01-2022,38337.39844,38855.55078,38095.39844,38210.30078,38210.30078,168800
19-01-2022,38145.75,38330.5,37769.25,38041.35156,38041.35156,165300
20-01-2022,38106.10156,38167.94922,37591.85156,37850.85156,37850.85156,149600
21-01-2022,37522.35156,37741,37224.25,37574.30078,37574.30078,157800
24-01-2022,37601.94922,37694.69922,36375.35156,36947.55078,36947.55078,231000
25-01-2022,36598.05078,37788.80078,36415.60156,37706.75,37706.75,267500
27-01-2022,37058.19922,38147.64844,37012.25,37982.10156,37982.10156,346300
28-01-2022,38246.60156,38421.69922,37581.5,37689.39844,37689.39844,294300
31-01-2022,38091.80078,38217.25,37647.85156,37975.35156,37975.35156,217800
01-02-2022,38460.44922,38802.69922,37690.60156,38505.5,38505.5,234100
02-02-2022,38841.55078,39386.60156,38752.64844,39330.5,39330.5,252600
03-02-2022,39255.69922,39424.85156,38861.14844,39010,39010,193800
04-02-2022,39128,39278.60156,38562.60156,38789.35156,38789.35156,163100
07-02-2022,38592.05078,38837.55078,37802.69922,37995.44922,37995.44922,241900
08-02-2022,38176.10156,38222.10156,37319.05078,38028.44922,38028.44922,200200
09-02-2022,38283.60156,38648.14844,38192,38610.25,38610.25,124900
10-02-2022,38801.44922,39197.19922,38520,39010.94922,39010.94922,147800
11-02-2022,38567.64844,38790.25,38396.39844,38517.25,38517.25,155000
14-02-2022,37664,37796.55078,36828.05078,36908.55078,36908.55078,213800
15-02-2022,36989.80078,38231.60156,36651.85156,38170.10156,38170.10156,193000
16-02-2022,38296.5,38461.69922,37762.80078,37953.80078,37953.80078,170100
17-02-2022,38042.10156,38124.5,37425.60156,37531.64844,37531.64844,136300
18-02-2022,37344.44922,37817.55078,37304.44922,37599.14844,37599.14844,113500
21-02-2022,37400,38054.39844,37156.80078,37685.60156,37685.60156,143300
22-02-2022,36833,37659.39844,36818.10156,37371.64844,37371.64844,159400
23-02-2022,37628.55078,37774.60156,37318,37392.05078,37392.05078,137300
24-02-2022,36085.19922,36709.14844,34991.35156,35228.10156,35228.10156,427800
25-02-2022,35901.69922,36684.64844,35768.19922,36430.75,36430.75,372800
28-02-2022,35938.94922,36270.25,35611.89844,36205.30078,36205.30078,238300
02-03-2022,35381.89844,35553.69922,34897.44922,35372.80078,35372.80078,211300
03-03-2022,35621.14844,35804.14844,34721.14844,34944.30078,34944.30078,172500
04-03-2022,34526.10156,35097.75,34094.10156,34407.80078,34407.80078,194500
07-03-2022,33278.14844,33543.30078,32376.5,32871.25,32871.25,248900
08-03-2022,32531.90039,33263.55078,32155.34961,33158.10156,33158.10156,276800
09-03-2022,33278.89844,33969.5,32948.89844,33815.44922,33815.44922,258500
10-03-2022,35153.94922,35374.14844,34218.05078,34475.60156,34475.60156,273900
11-03-2022,34331,34880.05078,34094.30078,34546.25,34546.25,169500
14-03-2022,34660.25,35435.10156,34625.05078,35312.14844,35312.14844,193300
15-03-2022,35467.94922,35643.80078,34706.05078,35022.64844,35022.64844,224200
16-03-2022,35555.75,35806.35156,35461.55078,35748.25,35748.25,173800
17-03-2022,36302,36611.94922,36261.64844,36428.55078,36428.55078,182000
21-03-2022,36545.85156,36600.19922,35900.19922,36018.5,36018.5,128700
22-03-2022,35975.60156,36468.80078,35384.75,36348.55078,36348.55078,202900
23-03-2022,36627.69922,36827.60156,36064.75,36147.35156,36147.35156,197900
24-03-2022,35633.69922,35957.69922,35421.69922,35527.10156,35527.10156,205200
25-03-2022,35700.39844,35717.39844,35203.85156,35410.10156,35410.10156,157000
28-03-2022,35488.69922,35770.80078,35016.30078,35710.5,35710.5,197000
29-03-2022,35931.75,35977.19922,35506.55078,35847.39844,35847.39844,177100
30-03-2022,36241.55078,36421.10156,36070.55078,36334.30078,36334.30078,325600
31-03-2022,36457.19922,36590.85156,36278.14844,36373.60156,36373.60156,188100
01-04-2022,36298.35156,37209.80078,36242.35156,37148.5,37148.5,245700
04-04-2022,37824.94922,38765.85156,37665.55078,38635.19922,38635.19922,309200
05-04-2022,38731.30078,38759.25,37935.94922,38067.89844,38067.89844,220600
06-04-2022,37711.30078,37868.5,37513.85156,37632.80078,37632.80078,198800
07-04-2022,37421.75,37975.89844,37346.80078,37557.35156,37557.35156,245000
08-04-2022,37619.69922,37884.19922,37405.19922,37752.05078,37752.05078,202200
11-04-2022,37591.75,37941.75,37524.44922,37613.80078,37613.80078,132100
12-04-2022,37407.39844,37920.60156,37264.44922,37747.39844,37747.39844,171000
13-04-2022,37887.30078,37988.60156,37408.19922,37463.39844,37463.39844,143300
18-04-2022,36833.14844,36965.85156,36441.35156,36729,36729,182900
19-04-2022,36806.80078,37123.55078,35926.30078,36341.60156,36341.60156,216300
20-04-2022,36482.60156,36513.85156,36114.05078,36314.89844,36314.89844,153400
21-04-2022,36513.10156,36913.35156,36395.69922,36816.10156,36816.10156,132700
22-04-2022,36514.14844,36578.94922,35991.5,36044.75,36044.75,140100
25-04-2022,35792.35156,36270.14844,35511.39844,36082.35156,36082.35156,183100
26-04-2022,36515.35156,36604.55078,36265.89844,36404.80078,36404.80078,143400
27-04-2022,36067.55078,36175.89844,35747.14844,36028.85156,36028.85156,134200
28-04-2022,36189.94922,36501.10156,35951.10156,36422.19922,36422.19922,137300
29-04-2022,36474.05078,36718.80078,35978.94922,36088.14844,36088.14844,172700
02-05-2022,35627.60156,36235.25,35618.19922,36163.75,36163.75,170200
04-05-2022,36266.14844,36309.30078,35127.85156,35264.55078,35264.55078,214600
05-05-2022,35705.35156,35934.85156,35133.80078,35232.85156,35232.85156,167300
06-05-2022,34569.10156,34797.94922,34353.19922,34591.19922,34591.19922,199200
09-05-2022,34091.75,34554.35156,33927.19922,34275.39844,34275.39844,179900
10-05-2022,34181.19922,34781.80078,34176.80078,34482.64844,34482.64844,138000
11-05-2022,34686.30078,34793.19922,34143.19922,34693.14844,34693.14844,179500
12-05-2022,34289.10156,34341.19922,33297.64844,33532.14844,33532.14844,382100
13-05-2022,33925.94922,34002.19922,33007.89844,33121.35156,33121.35156,272700
16-05-2022,33256,33821.64844,33001.75,33597.60156,33597.60156,195100
17-05-2022,33796.19922,34366.05078,33680.60156,34301.89844,34301.89844,161500
18-05-2022,34448.19922,34655.80078,34134.69922,34163.69922,34163.69922,146800
19-05-2022,33461,33633.94922,33180.60156,33315.64844,33315.64844,150400
20-05-2022,33765.14844,34358.05078,33658.05078,34276.39844,34276.39844,129400
23-05-2022,34321.39844,34819.94922,34117.35156,34247.60156,34247.60156,156000
24-05-2022,34223.19922,34586.44922,34115.80078,34290.14844,34290.14844,163700
25-05-2022,34491.80078,34722.60156,34285.80078,34339.5,34339.5,153600
26-05-2022,34670.60156,35222.05078,34424.75,35094.89844,35094.89844,191500
27-05-2022,35326.60156,35694.85156,35291.94922,35613.30078,35613.30078,132600
30-05-2022,35958.80078,36083.69922,35748.44922,35826.94922,35826.94922,127000
31-05-2022,35615.30078,35881.94922,35288.94922,35487.39844,35487.39844,149300
01-06-2022,35358.94922,35768.69922,35285.44922,35620.80078,35620.80078,100800
02-06-2022,35470.94922,35676.19922,35385,35613.64844,35613.64844,140700
03-06-2022,35929.55078,35958.44922,35175.10156,35275.05078,35275.05078,104800
06-06-2022,35159.14844,35424.5,35072.30078,35310.19922,35310.19922,100800
07-06-2022,35080.80078,35154.30078,34834.39844,34996,34996,91600
08-06-2022,35165.64844,35449.89844,34831.75,34946.14844,34946.14844,124600
09-06-2022,34802.25,35149.10156,34659.10156,35085.44922,35085.44922,100900
10-06-2022,34686.94922,34752.44922,34346.64844,34483.80078,34483.80078,90000
13-06-2022,33728.64844,33774.05078,33210.35156,33405.85156,33405.85156,131900
14-06-2022,33180.60156,33618.14844,33123.89844,33311.35156,33311.35156,113200
15-06-2022,33317.80078,33554.55078,33249.55078,33339,33339,90800
16-06-2022,33648.80078,33756.5,32537.94922,32617.09961,32617.09961,129500
17-06-2022,32393.44922,32889.80078,32290.55078,32743.05078,32743.05078,139800
20-06-2022,32873.39844,32926.10156,32426.40039,32684.80078,32684.80078,144400
21-06-2022,32978.05078,33593.80078,32797.55078,33191.75,33191.75,258100
22-06-2022,33051.64844,33106.94922,32758.15039,32845.30078,32845.30078,135000
23-06-2022,32927.39844,33431.75,32652.15039,33135,33135,193100
24-06-2022,33434.80078,33721.89844,33390.85156,33627.44922,33627.44922,149800
27-06-2022,34126.19922,34147.5,33735.5,33811.25,33811.25,111400
28-06-2022,33578.19922,33745.30078,33503.30078,33642.44922,33642.44922,125000
29-06-2022,33273.55078,33422.80078,33185.25,33269.89844,33269.89844,140800
30-06-2022,33180.69922,33659.30078,33179.60156,33425.10156,33425.10156,149500
01-07-2022,33264.75,33666.5,33080.44922,33539.44922,33539.44922,149900
04-07-2022,33558.85156,33978.5,33515.60156,33940.89844,33940.89844,152600
05-07-2022,34084.69922,34361.05078,33757,33815.89844,33815.89844,115000
06-07-2022,33929.39844,34388.5,33876.14844,34324.25,34324.25,122700
07-07-2022,34627.39844,34965.75,34553.10156,34920.30078,34920.30078,184000
08-07-2022,35258.89844,35262.10156,34977.75,35124.05078,35124.05078,109000
11-07-2022,35017.60156,35543.10156,35006.55078,35469.64844,35469.64844,130600
12-07-2022,35298.69922,35419.64844,35047.5,35132.25,35132.25,113400
13-07-2022,35259.80078,35308.14844,34757.60156,34827.80078,34827.80078,103400
14-07-2022,34817.94922,35027.60156,34558.44922,34651.19922,34651.19922,121300
15-07-2022,34734.44922,34899.94922,34463.89844,34682.64844,34682.64844,99100
18-07-2022,34841.85156,35382.5,34804.39844,35358.69922,35358.69922,146600
19-07-2022,35113.25,35761.64844,35110.5,35720.35156,35720.35156,183400
20-07-2022,36061.30078,36182.69922,35876.55078,35972.10156,35972.10156,173400
21-07-2022,36026.55078,36331.69922,35887.35156,36201,36201,153800
22-07-2022,36322.89844,36823.44922,36286.35156,36738.94922,36738.94922,143600
25-07-2022,36766.69922,37011.19922,36464.64844,36726.39844,36726.39844,139700
26-07-2022,36688.55078,36695.75,36334.10156,36408.5,36408.5,114000
27-07-2022,36370.55078,36808.30078,36248.60156,36783.75,36783.75,113100
28-07-2022,37102.44922,37414.39844,37028.5,37378.14844,37378.14844,172500
29-07-2022,37717.30078,37754.64844,37221.14844,37491.39844,37491.39844,166900
01-08-2022,37594.14844,37939.60156,37407.19922,37903.19922,37903.19922,346400
02-08-2022,37767.69922,38179.85156,37632.30078,38024,38024,317300
03-08-2022,37954.55078,38068.60156,37692.94922,37989.25,37989.25,200300
04-08-2022,38111.05078,38231.85156,37249.5,37755.55078,37755.55078,186300
05-08-2022,37868.25,38150.44922,37779.89844,37920.60156,37920.60156,175900
08-08-2022,37847.35156,38302.35156,37681.44922,38237.39844,38237.39844,174100
10-08-2022,38298.85156,38402.94922,38155.30078,38287.85156,38287.85156,163900
11-08-2022,38712.94922,38932.10156,38648.89844,38879.85156,38879.85156,200900
12-08-2022,38942.44922,39088.89844,38739.94922,39042.30078,39042.30078,125300
16-08-2022,39284.10156,39444.60156,39119.89844,39239.64844,39239.64844,0
17-08-2022,39351.30078,39504.5,39202.80078,39461.69922,39461.69922,169800
18-08-2022,39324.39844,39703.69922,39291.14844,39656.14844,39656.14844,137200
19-08-2022,39732.64844,39759.14844,38848.39844,38985.94922,38985.94922,148100
22-08-2022,38693.64844,38732.85156,38247.25,38297.75,38297.75,124300
23-08-2022,37955.44922,38869.89844,37950.85156,38697.64844,38697.64844,176400
24-08-2022,38552.69922,39120.80078,38552.19922,39038.5,39038.5,214900
25-08-2022,39190.05078,39471.75,38803.69922,38950.75,38950.75,333400
26-08-2022,39129.64844,39337.10156,38846.80078,38987.14844,38987.14844,196300
29-08-2022,38111.60156,38397.10156,37943.85156,38276.69922,38276.69922,158000
30-08-2022,38516.94922,39606.55078,38472.69922,39536.75,39536.75,176800
01-09-2022,38806.69922,39667.64844,38803.30078,39301.25,39301.25,191200
02-09-2022,39422.30078,39595.85156,39200.44922,39421,39421,133900
05-09-2022,39412.05078,39865.19922,39407.39844,39805.75,39805.75,214100
06-09-2022,39892.94922,40073.75,39564.30078,39666.5,39666.5,210200
07-09-2022,39337.75,39572.05078,39258.25,39455.89844,39455.89844,138900
08-09-2022,39763.89844,40265.75,39706.39844,40208.94922,40208.94922,203800
09-09-2022,40520.75,40685.94922,40280.30078,40415.69922,40415.69922,207000
12-09-2022,40540.44922,40684.89844,40377.89844,40574,40574,147000
13-09-2022,40802.10156,40904.30078,40693.94922,40873.10156,40873.10156,176400
14-09-2022,40308.80078,41626.89844,40288.89844,41405.39844,41405.39844,218400
15-09-2022,41533.69922,41840.14844,41153.5,41209.19922,41209.19922,245300
16-09-2022,40977.19922,41162.5,40502.05078,40776.80078,40776.80078,244200
19-09-2022,40685.60156,41184.25,40509.89844,40904.39844,40904.39844,206000
20-09-2022,41304.14844,41677.64844,41207.30078,41468.30078,41468.30078,175200
21-09-2022,41282.60156,41501.69922,40889.14844,41203.44922,41203.44922,151300
22-09-2022,40889.05078,41159.19922,40360.19922,40630.60156,40630.60156,209500
23-09-2022,40429.35156,40528.39844,39412.69922,39546.25,39546.25,226200
26-09-2022,39027.85156,39229.39844,38492.19922,38616.25,38616.25,241800
27-09-2022,38811.69922,39050.5,38184.89844,38359.14844,38359.14844,168700
28-09-2022,38081.25,38368.80078,37626.19922,37759.85156,37759.85156,210600
29-09-2022,38092.85156,38283.39844,37536.64844,37647.75,37647.75,253000
30-09-2022,37660,38811,37386.35156,38631.94922,38631.94922,246100
03-10-2022,38444.89844,38641.60156,37963.25,38029.64844,38029.64844,172900
04-10-2022,38700.39844,39177.5,38596.89844,39110.05078,39110.05078,241100
06-10-2022,39343.69922,39608.35156,39232.89844,39282.85156,39282.85156,158800
07-10-2022,39093.5,39235.05078,38807.5,39178.05078,39178.05078,165000
10-10-2022,38641.55078,39315.69922,38518.30078,39093.10156,39093.10156,159700
11-10-2022,39058.85156,39174.94922,38622.75,38712.44922,38712.44922,177600
12-10-2022,38784.19922,39164.10156,38606.39844,39118.55078,39118.55078,195800
13-10-2022,38957.64844,39061.30078,38437.94922,38624,38624,158900
14-10-2022,39446.05078,39570.85156,39196.30078,39305.60156,39305.60156,185600
17-10-2022,39295.60156,39974.69922,39146.69922,39920.44922,39920.44922,201600
18-10-2022,40252.05078,40435.35156,40139.85156,40318.75,40318.75,245200
19-10-2022,40556.64844,40643.60156,40195.19922,40373.19922,40373.19922,232900
20-10-2022,40149.5,40208.35156,39848.85156,40099.55078,40099.55078,262800
21-10-2022,40370.75,41032.25,40355.44922,40784.05078,40784.05078,324200
24-10-2022,41348.35156,41427.25,41201.14844,41304.89844,41304.89844,74300
25-10-2022,41513.64844,41530.64844,41021.44922,41122.75,41122.75,351800
27-10-2022,41440.69922,41511.80078,41178.64844,41299.30078,41299.30078,239400
28-10-2022,41236.80078,41482.39844,40839.30078,40990.85156,40990.85156,237100
31-10-2022,41265.69922,41353.69922,41106.10156,41307.89844,41307.89844,237200
01-11-2022,41552.39844,41677.25,41188.55078,41289.55078,41289.55078,304400
